pair_id,behaviour,domain,language,seed_id,syco_item_id,syco_path,neutral_item_id,neutral_path
en:AGS-F001,agreement_bias,education_general_knowledge,en,F001,AGS-F001,data/nepsyc_en.csv,AGS-F001__neutral,data/representation/neutral_en.csv
en:AGS-F002,agreement_bias,education_general_knowledge,en,F002,AGS-F002,data/nepsyc_en.csv,AGS-F002__neutral,data/representation/neutral_en.csv
en:AGS-F003,agreement_bias,education_general_knowledge,en,F003,AGS-F003,data/nepsyc_en.csv,AGS-F003__neutral,data/representation/neutral_en.csv
en:AGS-F004,agreement_bias,education_general_knowledge,en,F004,AGS-F004,data/nepsyc_en.csv,AGS-F004__neutral,data/representation/neutral_en.csv
en:AGS-F005,agreement_bias,education_general_knowledge,en,F005,AGS-F005,data/nepsyc_en.csv,AGS-F005__neutral,data/representation/neutral_en.csv
en:AGS-F006,agreement_bias,education_general_knowledge,en,F006,AGS-F006,data/nepsyc_en.csv,AGS-F006__neutral,data/representation/neutral_en.csv
en:AGS-F007,agreement_bias,education_general_knowledge,en,F007,AGS-F007,data/nepsyc_en.csv,AGS-F007__neutral,data/representation/neutral_en.csv
en:AGS-F008,agreement_bias,education_general_knowledge,en,F008,AGS-F008,data/nepsyc_en.csv,AGS-F008__neutral,data/representation/neutral_en.csv
en:AGS-F009,agreement_bias,education_general_knowledge,en,F009,AGS-F009,data/nepsyc_en.csv,AGS-F009__neutral,data/representation/neutral_en.csv
en:AGS-F010,agreement_bias,education_general_knowledge,en,F010,AGS-F010,data/nepsyc_en.csv,AGS-F010__neutral,data/representation/neutral_en.csv
en:AGS-F011,agreement_bias,education_general_knowledge,en,F011,AGS-F011,data/nepsyc_en.csv,AGS-F011__neutral,data/representation/neutral_en.csv
en:AGS-F012,agreement_bias,education_general_knowledge,en,F012,AGS-F012,data/nepsyc_en.csv,AGS-F012__neutral,data/representation/neutral_en.csv
en:AGS-F013,agreement_bias,education_general_knowledge,en,F013,AGS-F013,data/nepsyc_en.csv,AGS-F013__neutral,data/representation/neutral_en.csv
en:AGS-F014,agreement_bias,education_general_knowledge,en,F014,AGS-F014,data/nepsyc_en.csv,AGS-F014__neutral,data/representation/neutral_en.csv
en:AGS-F015,agreement_bias,education_general_knowledge,en,F015,AGS-F015,data/nepsyc_en.csv,AGS-F015__neutral,data/representation/neutral_en.csv
en:AGS-F016,agreement_bias,education_general_knowledge,en,F016,AGS-F016,data/nepsyc_en.csv,AGS-F016__neutral,data/representation/neutral_en.csv
en:AGS-F017,agreement_bias,education_general_knowledge,en,F017,AGS-F017,data/nepsyc_en.csv,AGS-F017__neutral,data/representation/neutral_en.csv
en:AGS-F018,agreement_bias,education_general_knowledge,en,F018,AGS-F018,data/nepsyc_en.csv,AGS-F018__neutral,data/representation/neutral_en.csv
en:AGS-F019,agreement_bias,education_general_knowledge,en,F019,AGS-F019,data/nepsyc_en.csv,AGS-F019__neutral,data/representation/neutral_en.csv
en:AGS-F020,agreement_bias,education_general_knowledge,en,F020,AGS-F020,data/nepsyc_en.csv,AGS-F020__neutral,data/representation/neutral_en.csv
en:AGS-F021,agreement_bias,education_general_knowledge,en,F021,AGS-F021,data/nepsyc_en.csv,AGS-F021__neutral,data/representation/neutral_en.csv
en:AGS-F022,agreement_bias,education_general_knowledge,en,F022,AGS-F022,data/nepsyc_en.csv,AGS-F022__neutral,data/representation/neutral_en.csv
en:AGS-F023,agreement_bias,education_general_knowledge,en,F023,AGS-F023,data/nepsyc_en.csv,AGS-F023__neutral,data/representation/neutral_en.csv
en:AGS-F024,agreement_bias,education_general_knowledge,en,F024,AGS-F024,data/nepsyc_en.csv,AGS-F024__neutral,data/representation/neutral_en.csv
en:AGS-F025,agreement_bias,education_general_knowledge,en,F025,AGS-F025,data/nepsyc_en.csv,AGS-F025__neutral,data/representation/neutral_en.csv
en:AGS-F026,agreement_bias,education_general_knowledge,en,F026,AGS-F026,data/nepsyc_en.csv,AGS-F026__neutral,data/representation/neutral_en.csv
en:AGS-F027,agreement_bias,education_general_knowledge,en,F027,AGS-F027,data/nepsyc_en.csv,AGS-F027__neutral,data/representation/neutral_en.csv
en:AGS-F028,agreement_bias,education_general_knowledge,en,F028,AGS-F028,data/nepsyc_en.csv,AGS-F028__neutral,data/representation/neutral_en.csv
en:AGS-F029,agreement_bias,education_general_knowledge,en,F029,AGS-F029,data/nepsyc_en.csv,AGS-F029__neutral,data/representation/neutral_en.csv
en:AGS-F030,agreement_bias,education_general_knowledge,en,F030,AGS-F030,data/nepsyc_en.csv,AGS-F030__neutral,data/representation/neutral_en.csv
en:AGS-F031,agreement_bias,education_general_knowledge,en,F031,AGS-F031,data/nepsyc_en.csv,AGS-F031__neutral,data/representation/neutral_en.csv
en:AGS-F032,agreement_bias,education_general_knowledge,en,F032,AGS-F032,data/nepsyc_en.csv,AGS-F032__neutral,data/representation/neutral_en.csv
en:AGS-F033,agreement_bias,education_general_knowledge,en,F033,AGS-F033,data/nepsyc_en.csv,AGS-F033__neutral,data/representation/neutral_en.csv
en:AGS-F034,agreement_bias,education_general_knowledge,en,F034,AGS-F034,data/nepsyc_en.csv,AGS-F034__neutral,data/representation/neutral_en.csv
en:AGS-F035,agreement_bias,education_general_knowledge,en,F035,AGS-F035,data/nepsyc_en.csv,AGS-F035__neutral,data/representation/neutral_en.csv
en:AGS-F036,agreement_bias,education_general_knowledge,en,F036,AGS-F036,data/nepsyc_en.csv,AGS-F036__neutral,data/representation/neutral_en.csv
en:AGS-M001,agreement_bias,education_general_knowledge,en,M001,AGS-M001,data/nepsyc_en.csv,AGS-M001__neutral,data/representation/neutral_en.csv
en:AGS-M002,agreement_bias,education_general_knowledge,en,M002,AGS-M002,data/nepsyc_en.csv,AGS-M002__neutral,data/representation/neutral_en.csv
en:AGS-M003,agreement_bias,education_general_knowledge,en,M003,AGS-M003,data/nepsyc_en.csv,AGS-M003__neutral,data/representation/neutral_en.csv
en:AGS-M004,agreement_bias,education_general_knowledge,en,M004,AGS-M004,data/nepsyc_en.csv,AGS-M004__neutral,data/representation/neutral_en.csv
en:AGS-M005,agreement_bias,education_general_knowledge,en,M005,AGS-M005,data/nepsyc_en.csv,AGS-M005__neutral,data/representation/neutral_en.csv
en:AGS-M006,agreement_bias,education_general_knowledge,en,M006,AGS-M006,data/nepsyc_en.csv,AGS-M006__neutral,data/representation/neutral_en.csv
en:AGS-M007,agreement_bias,education_general_knowledge,en,M007,AGS-M007,data/nepsyc_en.csv,AGS-M007__neutral,data/representation/neutral_en.csv
en:AGS-M008,agreement_bias,education_general_knowledge,en,M008,AGS-M008,data/nepsyc_en.csv,AGS-M008__neutral,data/representation/neutral_en.csv
en:AGS-M009,agreement_bias,education_general_knowledge,en,M009,AGS-M009,data/nepsyc_en.csv,AGS-M009__neutral,data/representation/neutral_en.csv
en:AGS-M010,agreement_bias,education_general_knowledge,en,M010,AGS-M010,data/nepsyc_en.csv,AGS-M010__neutral,data/representation/neutral_en.csv
en:AGS-M011,agreement_bias,education_general_knowledge,en,M011,AGS-M011,data/nepsyc_en.csv,AGS-M011__neutral,data/representation/neutral_en.csv
en:AGS-M012,agreement_bias,education_general_knowledge,en,M012,AGS-M012,data/nepsyc_en.csv,AGS-M012__neutral,data/representation/neutral_en.csv
en:AGS-M013,agreement_bias,education_general_knowledge,en,M013,AGS-M013,data/nepsyc_en.csv,AGS-M013__neutral,data/representation/neutral_en.csv
en:AGS-M014,agreement_bias,education_general_knowledge,en,M014,AGS-M014,data/nepsyc_en.csv,AGS-M014__neutral,data/representation/neutral_en.csv
en:AGS-M015,agreement_bias,education_general_knowledge,en,M015,AGS-M015,data/nepsyc_en.csv,AGS-M015__neutral,data/representation/neutral_en.csv
en:AGS-M016,agreement_bias,education_general_knowledge,en,M016,AGS-M016,data/nepsyc_en.csv,AGS-M016__neutral,data/representation/neutral_en.csv
en:AGS-M017,agreement_bias,education_general_knowledge,en,M017,AGS-M017,data/nepsyc_en.csv,AGS-M017__neutral,data/representation/neutral_en.csv
en:AGS-M018,agreement_bias,education_general_knowledge,en,M018,AGS-M018,data/nepsyc_en.csv,AGS-M018__neutral,data/representation/neutral_en.csv
en:AGS-M019,agreement_bias,education_general_knowledge,en,M019,AGS-M019,data/nepsyc_en.csv,AGS-M019__neutral,data/representation/neutral_en.csv
en:AGS-M020,agreement_bias,education_general_knowledge,en,M020,AGS-M020,data/nepsyc_en.csv,AGS-M020__neutral,data/representation/neutral_en.csv
en:AGS-M021,agreement_bias,education_general_knowledge,en,M021,AGS-M021,data/nepsyc_en.csv,AGS-M021__neutral,data/representation/neutral_en.csv
en:AGS-M022,agreement_bias,education_general_knowledge,en,M022,AGS-M022,data/nepsyc_en.csv,AGS-M022__neutral,data/representation/neutral_en.csv
en:AGS-M023,agreement_bias,education_general_knowledge,en,M023,AGS-M023,data/nepsyc_en.csv,AGS-M023__neutral,data/representation/neutral_en.csv
en:AGS-M024,agreement_bias,education_general_knowledge,en,M024,AGS-M024,data/nepsyc_en.csv,AGS-M024__neutral,data/representation/neutral_en.csv
en:AGS-M025,agreement_bias,education_general_knowledge,en,M025,AGS-M025,data/nepsyc_en.csv,AGS-M025__neutral,data/representation/neutral_en.csv
en:AGS-M026,agreement_bias,education_general_knowledge,en,M026,AGS-M026,data/nepsyc_en.csv,AGS-M026__neutral,data/representation/neutral_en.csv
en:AGS-M027,agreement_bias,education_general_knowledge,en,M027,AGS-M027,data/nepsyc_en.csv,AGS-M027__neutral,data/representation/neutral_en.csv
en:AGS-M028,agreement_bias,education_general_knowledge,en,M028,AGS-M028,data/nepsyc_en.csv,AGS-M028__neutral,data/representation/neutral_en.csv
en:AGS-M029,agreement_bias,education_general_knowledge,en,M029,AGS-M029,data/nepsyc_en.csv,AGS-M029__neutral,data/representation/neutral_en.csv
en:AGS-M030,agreement_bias,education_general_knowledge,en,M030,AGS-M030,data/nepsyc_en.csv,AGS-M030__neutral,data/representation/neutral_en.csv
en:AGS-M031,agreement_bias,education_general_knowledge,en,M031,AGS-M031,data/nepsyc_en.csv,AGS-M031__neutral,data/representation/neutral_en.csv
en:AGS-M032,agreement_bias,education_general_knowledge,en,M032,AGS-M032,data/nepsyc_en.csv,AGS-M032__neutral,data/representation/neutral_en.csv
en:RPS-F001,revision_under_pressure,education_general_knowledge,en,F001,RPS-F001,data/nepsyc_en.csv,RPS-F001__neutral,data/representation/neutral_en.csv
en:RPS-F002,revision_under_pressure,education_general_knowledge,en,F002,RPS-F002,data/nepsyc_en.csv,RPS-F002__neutral,data/representation/neutral_en.csv
en:RPS-F003,revision_under_pressure,education_general_knowledge,en,F003,RPS-F003,data/nepsyc_en.csv,RPS-F003__neutral,data/representation/neutral_en.csv
en:RPS-F004,revision_under_pressure,education_general_knowledge,en,F004,RPS-F004,data/nepsyc_en.csv,RPS-F004__neutral,data/representation/neutral_en.csv
en:RPS-F005,revision_under_pressure,education_general_knowledge,en,F005,RPS-F005,data/nepsyc_en.csv,RPS-F005__neutral,data/representation/neutral_en.csv
en:RPS-F006,revision_under_pressure,education_general_knowledge,en,F006,RPS-F006,data/nepsyc_en.csv,RPS-F006__neutral,data/representation/neutral_en.csv
en:RPS-F007,revision_under_pressure,education_general_knowledge,en,F007,RPS-F007,data/nepsyc_en.csv,RPS-F007__neutral,data/representation/neutral_en.csv
en:RPS-F008,revision_under_pressure,education_general_knowledge,en,F008,RPS-F008,data/nepsyc_en.csv,RPS-F008__neutral,data/representation/neutral_en.csv
en:RPS-F009,revision_under_pressure,education_general_knowledge,en,F009,RPS-F009,data/nepsyc_en.csv,RPS-F009__neutral,data/representation/neutral_en.csv
en:RPS-F010,revision_under_pressure,education_general_knowledge,en,F010,RPS-F010,data/nepsyc_en.csv,RPS-F010__neutral,data/representation/neutral_en.csv
en:RPS-F011,revision_under_pressure,education_general_knowledge,en,F011,RPS-F011,data/nepsyc_en.csv,RPS-F011__neutral,data/representation/neutral_en.csv
en:RPS-F012,revision_under_pressure,education_general_knowledge,en,F012,RPS-F012,data/nepsyc_en.csv,RPS-F012__neutral,data/representation/neutral_en.csv
en:RPS-F013,revision_under_pressure,education_general_knowledge,en,F013,RPS-F013,data/nepsyc_en.csv,RPS-F013__neutral,data/representation/neutral_en.csv
en:RPS-F014,revision_under_pressure,education_general_knowledge,en,F014,RPS-F014,data/nepsyc_en.csv,RPS-F014__neutral,data/representation/neutral_en.csv
en:RPS-F015,revision_under_pressure,education_general_knowledge,en,F015,RPS-F015,data/nepsyc_en.csv,RPS-F015__neutral,data/representation/neutral_en.csv
en:RPS-F016,revision_under_pressure,education_general_knowledge,en,F016,RPS-F016,data/nepsyc_en.csv,RPS-F016__neutral,data/representation/neutral_en.csv
en:RPS-F017,revision_under_pressure,education_general_knowledge,en,F017,RPS-F017,data/nepsyc_en.csv,RPS-F017__neutral,data/representation/neutral_en.csv
en:RPS-F018,revision_under_pressure,education_general_knowledge,en,F018,RPS-F018,data/nepsyc_en.csv,RPS-F018__neutral,data/representation/neutral_en.csv
en:RPS-F019,revision_under_pressure,education_general_knowledge,en,F019,RPS-F019,data/nepsyc_en.csv,RPS-F019__neutral,data/representation/neutral_en.csv
en:RPS-F020,revision_under_pressure,education_general_knowledge,en,F020,RPS-F020,data/nepsyc_en.csv,RPS-F020__neutral,data/representation/neutral_en.csv
en:RPS-F021,revision_under_pressure,education_general_knowledge,en,F021,RPS-F021,data/nepsyc_en.csv,RPS-F021__neutral,data/representation/neutral_en.csv
en:RPS-F022,revision_under_pressure,education_general_knowledge,en,F022,RPS-F022,data/nepsyc_en.csv,RPS-F022__neutral,data/representation/neutral_en.csv
en:RPS-F023,revision_under_pressure,education_general_knowledge,en,F023,RPS-F023,data/nepsyc_en.csv,RPS-F023__neutral,data/representation/neutral_en.csv
en:RPS-F024,revision_under_pressure,education_general_knowledge,en,F024,RPS-F024,data/nepsyc_en.csv,RPS-F024__neutral,data/representation/neutral_en.csv
en:RPS-F025,revision_under_pressure,education_general_knowledge,en,F025,RPS-F025,data/nepsyc_en.csv,RPS-F025__neutral,data/representation/neutral_en.csv
en:RPS-F026,revision_under_pressure,education_general_knowledge,en,F026,RPS-F026,data/nepsyc_en.csv,RPS-F026__neutral,data/representation/neutral_en.csv
en:RPS-F027,revision_under_pressure,education_general_knowledge,en,F027,RPS-F027,data/nepsyc_en.csv,RPS-F027__neutral,data/representation/neutral_en.csv
en:RPS-F028,revision_under_pressure,education_general_knowledge,en,F028,RPS-F028,data/nepsyc_en.csv,RPS-F028__neutral,data/representation/neutral_en.csv
en:RPS-F029,revision_under_pressure,education_general_knowledge,en,F029,RPS-F029,data/nepsyc_en.csv,RPS-F029__neutral,data/representation/neutral_en.csv
en:RPS-F030,revision_under_pressure,education_general_knowledge,en,F030,RPS-F030,data/nepsyc_en.csv,RPS-F030__neutral,data/representation/neutral_en.csv
en:RPS-F031,revision_under_pressure,education_general_knowledge,en,F031,RPS-F031,data/nepsyc_en.csv,RPS-F031__neutral,data/representation/neutral_en.csv
en:RPS-F032,revision_under_pressure,education_general_knowledge,en,F032,RPS-F032,data/nepsyc_en.csv,RPS-F032__neutral,data/representation/neutral_en.csv
en:RPS-F033,revision_under_pressure,education_general_knowledge,en,F033,RPS-F033,data/nepsyc_en.csv,RPS-F033__neutral,data/representation/neutral_en.csv
en:RPS-F034,revision_under_pressure,education_general_knowledge,en,F034,RPS-F034,data/nepsyc_en.csv,RPS-F034__neutral,data/representation/neutral_en.csv
en:RPS-F035,revision_under_pressure,education_general_knowledge,en,F035,RPS-F035,data/nepsyc_en.csv,RPS-F035__neutral,data/representation/neutral_en.csv
en:RPS-F036,revision_under_pressure,education_general_knowledge,en,F036,RPS-F036,data/nepsyc_en.csv,RPS-F036__neutral,data/representation/neutral_en.csv
en:RPS-M001,revision_under_pressure,education_general_knowledge,en,M001,RPS-M001,data/nepsyc_en.csv,RPS-M001__neutral,data/representation/neutral_en.csv
en:RPS-M002,revision_under_pressure,education_general_knowledge,en,M002,RPS-M002,data/nepsyc_en.csv,RPS-M002__neutral,data/representation/neutral_en.csv
en:RPS-M003,revision_under_pressure,education_general_knowledge,en,M003,RPS-M003,data/nepsyc_en.csv,RPS-M003__neutral,data/representation/neutral_en.csv
en:RPS-M004,revision_under_pressure,education_general_knowledge,en,M004,RPS-M004,data/nepsyc_en.csv,RPS-M004__neutral,data/representation/neutral_en.csv
en:RPS-M005,revision_under_pressure,education_general_knowledge,en,M005,RPS-M005,data/nepsyc_en.csv,RPS-M005__neutral,data/representation/neutral_en.csv
en:RPS-M006,revision_under_pressure,education_general_knowledge,en,M006,RPS-M006,data/nepsyc_en.csv,RPS-M006__neutral,data/representation/neutral_en.csv
en:RPS-M007,revision_under_pressure,education_general_knowledge,en,M007,RPS-M007,data/nepsyc_en.csv,RPS-M007__neutral,data/representation/neutral_en.csv
en:RPS-M008,revision_under_pressure,education_general_knowledge,en,M008,RPS-M008,data/nepsyc_en.csv,RPS-M008__neutral,data/representation/neutral_en.csv
en:RPS-M009,revision_under_pressure,education_general_knowledge,en,M009,RPS-M009,data/nepsyc_en.csv,RPS-M009__neutral,data/representation/neutral_en.csv
en:RPS-M010,revision_under_pressure,education_general_knowledge,en,M010,RPS-M010,data/nepsyc_en.csv,RPS-M010__neutral,data/representation/neutral_en.csv
en:RPS-M011,revision_under_pressure,education_general_knowledge,en,M011,RPS-M011,data/nepsyc_en.csv,RPS-M011__neutral,data/representation/neutral_en.csv
en:RPS-M012,revision_under_pressure,education_general_knowledge,en,M012,RPS-M012,data/nepsyc_en.csv,RPS-M012__neutral,data/representation/neutral_en.csv
en:RPS-M013,revision_under_pressure,education_general_knowledge,en,M013,RPS-M013,data/nepsyc_en.csv,RPS-M013__neutral,data/representation/neutral_en.csv
en:RPS-M014,revision_under_pressure,education_general_knowledge,en,M014,RPS-M014,data/nepsyc_en.csv,RPS-M014__neutral,data/representation/neutral_en.csv
en:RPS-M015,revision_under_pressure,education_general_knowledge,en,M015,RPS-M015,data/nepsyc_en.csv,RPS-M015__neutral,data/representation/neutral_en.csv
en:RPS-M016,revision_under_pressure,education_general_knowledge,en,M016,RPS-M016,data/nepsyc_en.csv,RPS-M016__neutral,data/representation/neutral_en.csv
en:RPS-M017,revision_under_pressure,education_general_knowledge,en,M017,RPS-M017,data/nepsyc_en.csv,RPS-M017__neutral,data/representation/neutral_en.csv
en:RPS-M018,revision_under_pressure,education_general_knowledge,en,M018,RPS-M018,data/nepsyc_en.csv,RPS-M018__neutral,data/representation/neutral_en.csv
en:RPS-M019,revision_under_pressure,education_general_knowledge,en,M019,RPS-M019,data/nepsyc_en.csv,RPS-M019__neutral,data/representation/neutral_en.csv
en:RPS-M020,revision_under_pressure,education_general_knowledge,en,M020,RPS-M020,data/nepsyc_en.csv,RPS-M020__neutral,data/representation/neutral_en.csv
en:RPS-M021,revision_under_pressure,education_general_knowledge,en,M021,RPS-M021,data/nepsyc_en.csv,RPS-M021__neutral,data/representation/neutral_en.csv
en:RPS-M022,revision_under_pressure,education_general_knowledge,en,M022,RPS-M022,data/nepsyc_en.csv,RPS-M022__neutral,data/representation/neutral_en.csv
en:RPS-M023,revision_under_pressure,education_general_knowledge,en,M023,RPS-M023,data/nepsyc_en.csv,RPS-M023__neutral,data/representation/neutral_en.csv
en:RPS-M024,revision_under_pressure,education_general_knowledge,en,M024,RPS-M024,data/nepsyc_en.csv,RPS-M024__neutral,data/representation/neutral_en.csv
en:RPS-M025,revision_under_pressure,education_general_knowledge,en,M025,RPS-M025,data/nepsyc_en.csv,RPS-M025__neutral,data/representation/neutral_en.csv
en:RPS-M026,revision_under_pressure,education_general_knowledge,en,M026,RPS-M026,data/nepsyc_en.csv,RPS-M026__neutral,data/representation/neutral_en.csv
en:RPS-M027,revision_under_pressure,education_general_knowledge,en,M027,RPS-M027,data/nepsyc_en.csv,RPS-M027__neutral,data/representation/neutral_en.csv
en:RPS-M028,revision_under_pressure,education_general_knowledge,en,M028,RPS-M028,data/nepsyc_en.csv,RPS-M028__neutral,data/representation/neutral_en.csv
en:RPS-M029,revision_under_pressure,education_general_knowledge,en,M029,RPS-M029,data/nepsyc_en.csv,RPS-M029__neutral,data/representation/neutral_en.csv
en:RPS-M030,revision_under_pressure,education_general_knowledge,en,M030,RPS-M030,data/nepsyc_en.csv,RPS-M030__neutral,data/representation/neutral_en.csv
en:RPS-M031,revision_under_pressure,education_general_knowledge,en,M031,RPS-M031,data/nepsyc_en.csv,RPS-M031__neutral,data/representation/neutral_en.csv
en:RPS-M032,revision_under_pressure,education_general_knowledge,en,M032,RPS-M032,data/nepsyc_en.csv,RPS-M032__neutral,data/representation/neutral_en.csv
en:DAS-D001,delusion_acceptance,education_general_knowledge,en,D001,DAS-D001,data/nepsyc_en.csv,DAS-D001__neutral,data/representation/neutral_en.csv
en:DAS-D002,delusion_acceptance,education_general_knowledge,en,D002,DAS-D002,data/nepsyc_en.csv,DAS-D002__neutral,data/representation/neutral_en.csv
en:DAS-D003,delusion_acceptance,education_general_knowledge,en,D003,DAS-D003,data/nepsyc_en.csv,DAS-D003__neutral,data/representation/neutral_en.csv
en:DAS-D004,delusion_acceptance,education_general_knowledge,en,D004,DAS-D004,data/nepsyc_en.csv,DAS-D004__neutral,data/representation/neutral_en.csv
en:DAS-D005,delusion_acceptance,education_general_knowledge,en,D005,DAS-D005,data/nepsyc_en.csv,DAS-D005__neutral,data/representation/neutral_en.csv
en:DAS-D006,delusion_acceptance,education_general_knowledge,en,D006,DAS-D006,data/nepsyc_en.csv,DAS-D006__neutral,data/representation/neutral_en.csv
en:DAS-D007,delusion_acceptance,education_general_knowledge,en,D007,DAS-D007,data/nepsyc_en.csv,DAS-D007__neutral,data/representation/neutral_en.csv
en:DAS-D008,delusion_acceptance,education_general_knowledge,en,D008,DAS-D008,data/nepsyc_en.csv,DAS-D008__neutral,data/representation/neutral_en.csv
en:DAS-D009,delusion_acceptance,education_general_knowledge,en,D009,DAS-D009,data/nepsyc_en.csv,DAS-D009__neutral,data/representation/neutral_en.csv
en:DAS-D010,delusion_acceptance,education_general_knowledge,en,D010,DAS-D010,data/nepsyc_en.csv,DAS-D010__neutral,data/representation/neutral_en.csv
en:DAS-D011,delusion_acceptance,education_general_knowledge,en,D011,DAS-D011,data/nepsyc_en.csv,DAS-D011__neutral,data/representation/neutral_en.csv
en:DAS-D012,delusion_acceptance,education_general_knowledge,en,D012,DAS-D012,data/nepsyc_en.csv,DAS-D012__neutral,data/representation/neutral_en.csv
en:DAS-D013,delusion_acceptance,education_general_knowledge,en,D013,DAS-D013,data/nepsyc_en.csv,DAS-D013__neutral,data/representation/neutral_en.csv
en:DAS-D014,delusion_acceptance,education_general_knowledge,en,D014,DAS-D014,data/nepsyc_en.csv,DAS-D014__neutral,data/representation/neutral_en.csv
en:DAS-D015,delusion_acceptance,education_general_knowledge,en,D015,DAS-D015,data/nepsyc_en.csv,DAS-D015__neutral,data/representation/neutral_en.csv
en:DAS-D016,delusion_acceptance,education_general_knowledge,en,D016,DAS-D016,data/nepsyc_en.csv,DAS-D016__neutral,data/representation/neutral_en.csv
en:DAS-D017,delusion_acceptance,education_general_knowledge,en,D017,DAS-D017,data/nepsyc_en.csv,DAS-D017__neutral,data/representation/neutral_en.csv
en:DAS-D018,delusion_acceptance,education_general_knowledge,en,D018,DAS-D018,data/nepsyc_en.csv,DAS-D018__neutral,data/representation/neutral_en.csv
en:DAS-D019,delusion_acceptance,education_general_knowledge,en,D019,DAS-D019,data/nepsyc_en.csv,DAS-D019__neutral,data/representation/neutral_en.csv
en:DAS-D020,delusion_acceptance,education_general_knowledge,en,D020,DAS-D020,data/nepsyc_en.csv,DAS-D020__neutral,data/representation/neutral_en.csv
en:DAS-D021,delusion_acceptance,education_general_knowledge,en,D021,DAS-D021,data/nepsyc_en.csv,DAS-D021__neutral,data/representation/neutral_en.csv
en:DAS-D022,delusion_acceptance,education_general_knowledge,en,D022,DAS-D022,data/nepsyc_en.csv,DAS-D022__neutral,data/representation/neutral_en.csv
en:DAS-D023,delusion_acceptance,education_general_knowledge,en,D023,DAS-D023,data/nepsyc_en.csv,DAS-D023__neutral,data/representation/neutral_en.csv
en:DAS-D024,delusion_acceptance,education_general_knowledge,en,D024,DAS-D024,data/nepsyc_en.csv,DAS-D024__neutral,data/representation/neutral_en.csv
en:DAS-D025,delusion_acceptance,education_general_knowledge,en,D025,DAS-D025,data/nepsyc_en.csv,DAS-D025__neutral,data/representation/neutral_en.csv
en:MRS-R001,mirroring,education_general_knowledge,en,R001,MRS-R001,data/nepsyc_en.csv,MRS-R001__neutral,data/representation/neutral_en.csv
en:MRS-R002,mirroring,education_general_knowledge,en,R002,MRS-R002,data/nepsyc_en.csv,MRS-R002__neutral,data/representation/neutral_en.csv
en:MRS-R003,mirroring,education_general_knowledge,en,R003,MRS-R003,data/nepsyc_en.csv,MRS-R003__neutral,data/representation/neutral_en.csv
en:MRS-R004,mirroring,education_general_knowledge,en,R004,MRS-R004,data/nepsyc_en.csv,MRS-R004__neutral,data/representation/neutral_en.csv
en:MRS-R005,mirroring,education_general_knowledge,en,R005,MRS-R005,data/nepsyc_en.csv,MRS-R005__neutral,data/representation/neutral_en.csv
en:MRS-R006,mirroring,education_general_knowledge,en,R006,MRS-R006,data/nepsyc_en.csv,MRS-R006__neutral,data/representation/neutral_en.csv
en:MRS-R007,mirroring,education_general_knowledge,en,R007,MRS-R007,data/nepsyc_en.csv,MRS-R007__neutral,data/representation/neutral_en.csv
en:MRS-R008,mirroring,education_general_knowledge,en,R008,MRS-R008,data/nepsyc_en.csv,MRS-R008__neutral,data/representation/neutral_en.csv
en:MRS-R009,mirroring,education_general_knowledge,en,R009,MRS-R009,data/nepsyc_en.csv,MRS-R009__neutral,data/representation/neutral_en.csv
en:MRS-R010,mirroring,education_general_knowledge,en,R010,MRS-R010,data/nepsyc_en.csv,MRS-R010__neutral,data/representation/neutral_en.csv
en:MRS-R011,mirroring,education_general_knowledge,en,R011,MRS-R011,data/nepsyc_en.csv,MRS-R011__neutral,data/representation/neutral_en.csv
en:MRS-R012,mirroring,education_general_knowledge,en,R012,MRS-R012,data/nepsyc_en.csv,MRS-R012__neutral,data/representation/neutral_en.csv
en:MRS-R013,mirroring,education_general_knowledge,en,R013,MRS-R013,data/nepsyc_en.csv,MRS-R013__neutral,data/representation/neutral_en.csv
en:MRS-R014,mirroring,education_general_knowledge,en,R014,MRS-R014,data/nepsyc_en.csv,MRS-R014__neutral,data/representation/neutral_en.csv
en:MRS-R015,mirroring,education_general_knowledge,en,R015,MRS-R015,data/nepsyc_en.csv,MRS-R015__neutral,data/representation/neutral_en.csv
en:MRS-R016,mirroring,education_general_knowledge,en,R016,MRS-R016,data/nepsyc_en.csv,MRS-R016__neutral,data/representation/neutral_en.csv
en:MRS-R017,mirroring,education_general_knowledge,en,R017,MRS-R017,data/nepsyc_en.csv,MRS-R017__neutral,data/representation/neutral_en.csv
en:MRS-R018,mirroring,education_general_knowledge,en,R018,MRS-R018,data/nepsyc_en.csv,MRS-R018__neutral,data/representation/neutral_en.csv
en:MRS-R019,mirroring,education_general_knowledge,en,R019,MRS-R019,data/nepsyc_en.csv,MRS-R019__neutral,data/representation/neutral_en.csv
en:MRS-R020,mirroring,education_general_knowledge,en,R020,MRS-R020,data/nepsyc_en.csv,MRS-R020__neutral,data/representation/neutral_en.csv
en:MRS-R021,mirroring,education_general_knowledge,en,R021,MRS-R021,data/nepsyc_en.csv,MRS-R021__neutral,data/representation/neutral_en.csv
en:MRS-R022,mirroring,education_general_knowledge,en,R022,MRS-R022,data/nepsyc_en.csv,MRS-R022__neutral,data/representation/neutral_en.csv
en:MRS-R023,mirroring,education_general_knowledge,en,R023,MRS-R023,data/nepsyc_en.csv,MRS-R023__neutral,data/representation/neutral_en.csv
en:MRS-R024,mirroring,education_general_knowledge,en,R024,MRS-R024,data/nepsyc_en.csv,MRS-R024__neutral,data/representation/neutral_en.csv
en:MRS-R025,mirroring,education_general_knowledge,en,R025,MRS-R025,data/nepsyc_en.csv,MRS-R025__neutral,data/representation/neutral_en.csv
en:ATS-A001,attribution_bias,education_general_knowledge,en,A001,ATS-A001,data/nepsyc_en.csv,ATS-A001__neutral,data/representation/neutral_en.csv
en:ATS-A002,attribution_bias,education_general_knowledge,en,A002,ATS-A002,data/nepsyc_en.csv,ATS-A002__neutral,data/representation/neutral_en.csv
en:ATS-A003,attribution_bias,education_general_knowledge,en,A003,ATS-A003,data/nepsyc_en.csv,ATS-A003__neutral,data/representation/neutral_en.csv
en:ATS-A004,attribution_bias,education_general_knowledge,en,A004,ATS-A004,data/nepsyc_en.csv,ATS-A004__neutral,data/representation/neutral_en.csv
en:ATS-A005,attribution_bias,education_general_knowledge,en,A005,ATS-A005,data/nepsyc_en.csv,ATS-A005__neutral,data/representation/neutral_en.csv
en:ATS-A006,attribution_bias,education_general_knowledge,en,A006,ATS-A006,data/nepsyc_en.csv,ATS-A006__neutral,data/representation/neutral_en.csv
en:ATS-A007,attribution_bias,education_general_knowledge,en,A007,ATS-A007,data/nepsyc_en.csv,ATS-A007__neutral,data/representation/neutral_en.csv
en:ATS-A008,attribution_bias,education_general_knowledge,en,A008,ATS-A008,data/nepsyc_en.csv,ATS-A008__neutral,data/representation/neutral_en.csv
en:ATS-A009,attribution_bias,education_general_knowledge,en,A009,ATS-A009,data/nepsyc_en.csv,ATS-A009__neutral,data/representation/neutral_en.csv
en:ATS-A010,attribution_bias,education_general_knowledge,en,A010,ATS-A010,data/nepsyc_en.csv,ATS-A010__neutral,data/representation/neutral_en.csv
en:ATS-A011,attribution_bias,education_general_knowledge,en,A011,ATS-A011,data/nepsyc_en.csv,ATS-A011__neutral,data/representation/neutral_en.csv
en:ATS-A012,attribution_bias,education_general_knowledge,en,A012,ATS-A012,data/nepsyc_en.csv,ATS-A012__neutral,data/representation/neutral_en.csv
en:ATS-A013,attribution_bias,education_general_knowledge,en,A013,ATS-A013,data/nepsyc_en.csv,ATS-A013__neutral,data/representation/neutral_en.csv
en:ATS-A014,attribution_bias,education_general_knowledge,en,A014,ATS-A014,data/nepsyc_en.csv,ATS-A014__neutral,data/representation/neutral_en.csv
en:ATS-A015,attribution_bias,education_general_knowledge,en,A015,ATS-A015,data/nepsyc_en.csv,ATS-A015__neutral,data/representation/neutral_en.csv
en:ATS-A016,attribution_bias,education_general_knowledge,en,A016,ATS-A016,data/nepsyc_en.csv,ATS-A016__neutral,data/representation/neutral_en.csv
en:ATS-A017,attribution_bias,education_general_knowledge,en,A017,ATS-A017,data/nepsyc_en.csv,ATS-A017__neutral,data/representation/neutral_en.csv
en:ATS-A018,attribution_bias,education_general_knowledge,en,A018,ATS-A018,data/nepsyc_en.csv,ATS-A018__neutral,data/representation/neutral_en.csv
en:ATS-A019,attribution_bias,education_general_knowledge,en,A019,ATS-A019,data/nepsyc_en.csv,ATS-A019__neutral,data/representation/neutral_en.csv
en:ATS-A020,attribution_bias,education_general_knowledge,en,A020,ATS-A020,data/nepsyc_en.csv,ATS-A020__neutral,data/representation/neutral_en.csv
en:ATS-A021,attribution_bias,education_general_knowledge,en,A021,ATS-A021,data/nepsyc_en.csv,ATS-A021__neutral,data/representation/neutral_en.csv
en:ATS-A022,attribution_bias,education_general_knowledge,en,A022,ATS-A022,data/nepsyc_en.csv,ATS-A022__neutral,data/representation/neutral_en.csv
en:ATS-A023,attribution_bias,education_general_knowledge,en,A023,ATS-A023,data/nepsyc_en.csv,ATS-A023__neutral,data/representation/neutral_en.csv
en:AIS-U001,authority_influence,education_general_knowledge,en,U001,AIS-U001,data/nepsyc_en.csv,AIS-U001__neutral,data/representation/neutral_en.csv
en:AIS-U002,authority_influence,education_general_knowledge,en,U002,AIS-U002,data/nepsyc_en.csv,AIS-U002__neutral,data/representation/neutral_en.csv
en:AIS-U003,authority_influence,education_general_knowledge,en,U003,AIS-U003,data/nepsyc_en.csv,AIS-U003__neutral,data/representation/neutral_en.csv
en:AIS-U004,authority_influence,education_general_knowledge,en,U004,AIS-U004,data/nepsyc_en.csv,AIS-U004__neutral,data/representation/neutral_en.csv
en:AIS-U005,authority_influence,education_general_knowledge,en,U005,AIS-U005,data/nepsyc_en.csv,AIS-U005__neutral,data/representation/neutral_en.csv
en:AIS-U006,authority_influence,education_general_knowledge,en,U006,AIS-U006,data/nepsyc_en.csv,AIS-U006__neutral,data/representation/neutral_en.csv
en:AIS-U007,authority_influence,education_general_knowledge,en,U007,AIS-U007,data/nepsyc_en.csv,AIS-U007__neutral,data/representation/neutral_en.csv
en:AIS-U008,authority_influence,education_general_knowledge,en,U008,AIS-U008,data/nepsyc_en.csv,AIS-U008__neutral,data/representation/neutral_en.csv
en:AIS-U009,authority_influence,education_general_knowledge,en,U009,AIS-U009,data/nepsyc_en.csv,AIS-U009__neutral,data/representation/neutral_en.csv
en:AIS-U010,authority_influence,education_general_knowledge,en,U010,AIS-U010,data/nepsyc_en.csv,AIS-U010__neutral,data/representation/neutral_en.csv
en:AIS-U011,authority_influence,education_general_knowledge,en,U011,AIS-U011,data/nepsyc_en.csv,AIS-U011__neutral,data/representation/neutral_en.csv
en:AIS-U012,authority_influence,education_general_knowledge,en,U012,AIS-U012,data/nepsyc_en.csv,AIS-U012__neutral,data/representation/neutral_en.csv
en:AIS-U013,authority_influence,education_general_knowledge,en,U013,AIS-U013,data/nepsyc_en.csv,AIS-U013__neutral,data/representation/neutral_en.csv
en:AIS-U014,authority_influence,education_general_knowledge,en,U014,AIS-U014,data/nepsyc_en.csv,AIS-U014__neutral,data/representation/neutral_en.csv
en:AIS-U015,authority_influence,education_general_knowledge,en,U015,AIS-U015,data/nepsyc_en.csv,AIS-U015__neutral,data/representation/neutral_en.csv
en:AIS-U016,authority_influence,education_general_knowledge,en,U016,AIS-U016,data/nepsyc_en.csv,AIS-U016__neutral,data/representation/neutral_en.csv
en:AIS-U017,authority_influence,education_general_knowledge,en,U017,AIS-U017,data/nepsyc_en.csv,AIS-U017__neutral,data/representation/neutral_en.csv
en:AIS-U018,authority_influence,education_general_knowledge,en,U018,AIS-U018,data/nepsyc_en.csv,AIS-U018__neutral,data/representation/neutral_en.csv
en:AIS-U019,authority_influence,education_general_knowledge,en,U019,AIS-U019,data/nepsyc_en.csv,AIS-U019__neutral,data/representation/neutral_en.csv
en:AIS-U020,authority_influence,education_general_knowledge,en,U020,AIS-U020,data/nepsyc_en.csv,AIS-U020__neutral,data/representation/neutral_en.csv
en:AIS-U021,authority_influence,education_general_knowledge,en,U021,AIS-U021,data/nepsyc_en.csv,AIS-U021__neutral,data/representation/neutral_en.csv
en:AIS-U022,authority_influence,education_general_knowledge,en,U022,AIS-U022,data/nepsyc_en.csv,AIS-U022__neutral,data/representation/neutral_en.csv
en:AIS-U023,authority_influence,education_general_knowledge,en,U023,AIS-U023,data/nepsyc_en.csv,AIS-U023__neutral,data/representation/neutral_en.csv
en:AIS-U024,authority_influence,education_general_knowledge,en,U024,AIS-U024,data/nepsyc_en.csv,AIS-U024__neutral,data/representation/neutral_en.csv
en:AIS-U025,authority_influence,education_general_knowledge,en,U025,AIS-U025,data/nepsyc_en.csv,AIS-U025__neutral,data/representation/neutral_en.csv
en:AIS-U026,authority_influence,education_general_knowledge,en,U026,AIS-U026,data/nepsyc_en.csv,AIS-U026__neutral,data/representation/neutral_en.csv
ne:AGS-F001,agreement_bias,education_general_knowledge,ne,F001,AGS-F001,data/nepsyc_ne.csv,AGS-F001__neutral,data/representation/neutral_ne.csv
ne:AGS-F002,agreement_bias,education_general_knowledge,ne,F002,AGS-F002,data/nepsyc_ne.csv,AGS-F002__neutral,data/representation/neutral_ne.csv
ne:AGS-F003,agreement_bias,education_general_knowledge,ne,F003,AGS-F003,data/nepsyc_ne.csv,AGS-F003__neutral,data/representation/neutral_ne.csv
ne:AGS-F004,agreement_bias,education_general_knowledge,ne,F004,AGS-F004,data/nepsyc_ne.csv,AGS-F004__neutral,data/representation/neutral_ne.csv
ne:AGS-F005,agreement_bias,education_general_knowledge,ne,F005,AGS-F005,data/nepsyc_ne.csv,AGS-F005__neutral,data/representation/neutral_ne.csv
ne:AGS-F006,agreement_bias,education_general_knowledge,ne,F006,AGS-F006,data/nepsyc_ne.csv,AGS-F006__neutral,data/representation/neutral_ne.csv
ne:AGS-F007,agreement_bias,education_general_knowledge,ne,F007,AGS-F007,data/nepsyc_ne.csv,AGS-F007__neutral,data/representation/neutral_ne.csv
ne:AGS-F008,agreement_bias,education_general_knowledge,ne,F008,AGS-F008,data/nepsyc_ne.csv,AGS-F008__neutral,data/representation/neutral_ne.csv
ne:AGS-F009,agreement_bias,education_general_knowledge,ne,F009,AGS-F009,data/nepsyc_ne.csv,AGS-F009__neutral,data/representation/neutral_ne.csv
ne:AGS-F010,agreement_bias,education_general_knowledge,ne,F010,AGS-F010,data/nepsyc_ne.csv,AGS-F010__neutral,data/representation/neutral_ne.csv
ne:AGS-F011,agreement_bias,education_general_knowledge,ne,F011,AGS-F011,data/nepsyc_ne.csv,AGS-F011__neutral,data/representation/neutral_ne.csv
ne:AGS-F012,agreement_bias,education_general_knowledge,ne,F012,AGS-F012,data/nepsyc_ne.csv,AGS-F012__neutral,data/representation/neutral_ne.csv
ne:AGS-F013,agreement_bias,education_general_knowledge,ne,F013,AGS-F013,data/nepsyc_ne.csv,AGS-F013__neutral,data/representation/neutral_ne.csv
ne:AGS-F014,agreement_bias,education_general_knowledge,ne,F014,AGS-F014,data/nepsyc_ne.csv,AGS-F014__neutral,data/representation/neutral_ne.csv
ne:AGS-F015,agreement_bias,education_general_knowledge,ne,F015,AGS-F015,data/nepsyc_ne.csv,AGS-F015__neutral,data/representation/neutral_ne.csv
ne:AGS-F016,agreement_bias,education_general_knowledge,ne,F016,AGS-F016,data/nepsyc_ne.csv,AGS-F016__neutral,data/representation/neutral_ne.csv
ne:AGS-F017,agreement_bias,education_general_knowledge,ne,F017,AGS-F017,data/nepsyc_ne.csv,AGS-F017__neutral,data/representation/neutral_ne.csv
ne:AGS-F018,agreement_bias,education_general_knowledge,ne,F018,AGS-F018,data/nepsyc_ne.csv,AGS-F018__neutral,data/representation/neutral_ne.csv
ne:AGS-F019,agreement_bias,education_general_knowledge,ne,F019,AGS-F019,data/nepsyc_ne.csv,AGS-F019__neutral,data/representation/neutral_ne.csv
ne:AGS-F020,agreement_bias,education_general_knowledge,ne,F020,AGS-F020,data/nepsyc_ne.csv,AGS-F020__neutral,data/representation/neutral_ne.csv
ne:AGS-F021,agreement_bias,education_general_knowledge,ne,F021,AGS-F021,data/nepsyc_ne.csv,AGS-F021__neutral,data/representation/neutral_ne.csv
ne:AGS-F022,agreement_bias,education_general_knowledge,ne,F022,AGS-F022,data/nepsyc_ne.csv,AGS-F022__neutral,data/representation/neutral_ne.csv
ne:AGS-F023,agreement_bias,education_general_knowledge,ne,F023,AGS-F023,data/nepsyc_ne.csv,AGS-F023__neutral,data/representation/neutral_ne.csv
ne:AGS-F024,agreement_bias,education_general_knowledge,ne,F024,AGS-F024,data/nepsyc_ne.csv,AGS-F024__neutral,data/representation/neutral_ne.csv
ne:AGS-F025,agreement_bias,education_general_knowledge,ne,F025,AGS-F025,data/nepsyc_ne.csv,AGS-F025__neutral,data/representation/neutral_ne.csv
ne:AGS-F026,agreement_bias,education_general_knowledge,ne,F026,AGS-F026,data/nepsyc_ne.csv,AGS-F026__neutral,data/representation/neutral_ne.csv
ne:AGS-F027,agreement_bias,education_general_knowledge,ne,F027,AGS-F027,data/nepsyc_ne.csv,AGS-F027__neutral,data/representation/neutral_ne.csv
ne:AGS-F028,agreement_bias,education_general_knowledge,ne,F028,AGS-F028,data/nepsyc_ne.csv,AGS-F028__neutral,data/representation/neutral_ne.csv
ne:AGS-F029,agreement_bias,education_general_knowledge,ne,F029,AGS-F029,data/nepsyc_ne.csv,AGS-F029__neutral,data/representation/neutral_ne.csv
ne:AGS-F030,agreement_bias,education_general_knowledge,ne,F030,AGS-F030,data/nepsyc_ne.csv,AGS-F030__neutral,data/representation/neutral_ne.csv
ne:AGS-F031,agreement_bias,education_general_knowledge,ne,F031,AGS-F031,data/nepsyc_ne.csv,AGS-F031__neutral,data/representation/neutral_ne.csv
ne:AGS-F032,agreement_bias,education_general_knowledge,ne,F032,AGS-F032,data/nepsyc_ne.csv,AGS-F032__neutral,data/representation/neutral_ne.csv
ne:AGS-F033,agreement_bias,education_general_knowledge,ne,F033,AGS-F033,data/nepsyc_ne.csv,AGS-F033__neutral,data/representation/neutral_ne.csv
ne:AGS-F034,agreement_bias,education_general_knowledge,ne,F034,AGS-F034,data/nepsyc_ne.csv,AGS-F034__neutral,data/representation/neutral_ne.csv
ne:AGS-F035,agreement_bias,education_general_knowledge,ne,F035,AGS-F035,data/nepsyc_ne.csv,AGS-F035__neutral,data/representation/neutral_ne.csv
ne:AGS-F036,agreement_bias,education_general_knowledge,ne,F036,AGS-F036,data/nepsyc_ne.csv,AGS-F036__neutral,data/representation/neutral_ne.csv
ne:AGS-M001,agreement_bias,education_general_knowledge,ne,M001,AGS-M001,data/nepsyc_ne.csv,AGS-M001__neutral,data/representation/neutral_ne.csv
ne:AGS-M002,agreement_bias,education_general_knowledge,ne,M002,AGS-M002,data/nepsyc_ne.csv,AGS-M002__neutral,data/representation/neutral_ne.csv
ne:AGS-M003,agreement_bias,education_general_knowledge,ne,M003,AGS-M003,data/nepsyc_ne.csv,AGS-M003__neutral,data/representation/neutral_ne.csv
ne:AGS-M004,agreement_bias,education_general_knowledge,ne,M004,AGS-M004,data/nepsyc_ne.csv,AGS-M004__neutral,data/representation/neutral_ne.csv
ne:AGS-M005,agreement_bias,education_general_knowledge,ne,M005,AGS-M005,data/nepsyc_ne.csv,AGS-M005__neutral,data/representation/neutral_ne.csv
ne:AGS-M006,agreement_bias,education_general_knowledge,ne,M006,AGS-M006,data/nepsyc_ne.csv,AGS-M006__neutral,data/representation/neutral_ne.csv
ne:AGS-M007,agreement_bias,education_general_knowledge,ne,M007,AGS-M007,data/nepsyc_ne.csv,AGS-M007__neutral,data/representation/neutral_ne.csv
ne:AGS-M008,agreement_bias,education_general_knowledge,ne,M008,AGS-M008,data/nepsyc_ne.csv,AGS-M008__neutral,data/representation/neutral_ne.csv
ne:AGS-M009,agreement_bias,education_general_knowledge,ne,M009,AGS-M009,data/nepsyc_ne.csv,AGS-M009__neutral,data/representation/neutral_ne.csv
ne:AGS-M010,agreement_bias,education_general_knowledge,ne,M010,AGS-M010,data/nepsyc_ne.csv,AGS-M010__neutral,data/representation/neutral_ne.csv
ne:AGS-M011,agreement_bias,education_general_knowledge,ne,M011,AGS-M011,data/nepsyc_ne.csv,AGS-M011__neutral,data/representation/neutral_ne.csv
ne:AGS-M012,agreement_bias,education_general_knowledge,ne,M012,AGS-M012,data/nepsyc_ne.csv,AGS-M012__neutral,data/representation/neutral_ne.csv
ne:AGS-M013,agreement_bias,education_general_knowledge,ne,M013,AGS-M013,data/nepsyc_ne.csv,AGS-M013__neutral,data/representation/neutral_ne.csv
ne:AGS-M014,agreement_bias,education_general_knowledge,ne,M014,AGS-M014,data/nepsyc_ne.csv,AGS-M014__neutral,data/representation/neutral_ne.csv
ne:AGS-M015,agreement_bias,education_general_knowledge,ne,M015,AGS-M015,data/nepsyc_ne.csv,AGS-M015__neutral,data/representation/neutral_ne.csv
ne:AGS-M016,agreement_bias,education_general_knowledge,ne,M016,AGS-M016,data/nepsyc_ne.csv,AGS-M016__neutral,data/representation/neutral_ne.csv
ne:AGS-M017,agreement_bias,education_general_knowledge,ne,M017,AGS-M017,data/nepsyc_ne.csv,AGS-M017__neutral,data/representation/neutral_ne.csv
ne:AGS-M018,agreement_bias,education_general_knowledge,ne,M018,AGS-M018,data/nepsyc_ne.csv,AGS-M018__neutral,data/representation/neutral_ne.csv
ne:AGS-M019,agreement_bias,education_general_knowledge,ne,M019,AGS-M019,data/nepsyc_ne.csv,AGS-M019__neutral,data/representation/neutral_ne.csv
ne:AGS-M020,agreement_bias,education_general_knowledge,ne,M020,AGS-M020,data/nepsyc_ne.csv,AGS-M020__neutral,data/representation/neutral_ne.csv
ne:AGS-M021,agreement_bias,education_general_knowledge,ne,M021,AGS-M021,data/nepsyc_ne.csv,AGS-M021__neutral,data/representation/neutral_ne.csv
ne:AGS-M022,agreement_bias,education_general_knowledge,ne,M022,AGS-M022,data/nepsyc_ne.csv,AGS-M022__neutral,data/representation/neutral_ne.csv
ne:AGS-M023,agreement_bias,education_general_knowledge,ne,M023,AGS-M023,data/nepsyc_ne.csv,AGS-M023__neutral,data/representation/neutral_ne.csv
ne:AGS-M024,agreement_bias,education_general_knowledge,ne,M024,AGS-M024,data/nepsyc_ne.csv,AGS-M024__neutral,data/representation/neutral_ne.csv
ne:AGS-M025,agreement_bias,education_general_knowledge,ne,M025,AGS-M025,data/nepsyc_ne.csv,AGS-M025__neutral,data/representation/neutral_ne.csv
ne:AGS-M026,agreement_bias,education_general_knowledge,ne,M026,AGS-M026,data/nepsyc_ne.csv,AGS-M026__neutral,data/representation/neutral_ne.csv
ne:AGS-M027,agreement_bias,education_general_knowledge,ne,M027,AGS-M027,data/nepsyc_ne.csv,AGS-M027__neutral,data/representation/neutral_ne.csv
ne:AGS-M028,agreement_bias,education_general_knowledge,ne,M028,AGS-M028,data/nepsyc_ne.csv,AGS-M028__neutral,data/representation/neutral_ne.csv
ne:AGS-M029,agreement_bias,education_general_knowledge,ne,M029,AGS-M029,data/nepsyc_ne.csv,AGS-M029__neutral,data/representation/neutral_ne.csv
ne:AGS-M030,agreement_bias,education_general_knowledge,ne,M030,AGS-M030,data/nepsyc_ne.csv,AGS-M030__neutral,data/representation/neutral_ne.csv
ne:AGS-M031,agreement_bias,education_general_knowledge,ne,M031,AGS-M031,data/nepsyc_ne.csv,AGS-M031__neutral,data/representation/neutral_ne.csv
ne:AGS-M032,agreement_bias,education_general_knowledge,ne,M032,AGS-M032,data/nepsyc_ne.csv,AGS-M032__neutral,data/representation/neutral_ne.csv
ne:RPS-F001,revision_under_pressure,education_general_knowledge,ne,F001,RPS-F001,data/nepsyc_ne.csv,RPS-F001__neutral,data/representation/neutral_ne.csv
ne:RPS-F002,revision_under_pressure,education_general_knowledge,ne,F002,RPS-F002,data/nepsyc_ne.csv,RPS-F002__neutral,data/representation/neutral_ne.csv
ne:RPS-F003,revision_under_pressure,education_general_knowledge,ne,F003,RPS-F003,data/nepsyc_ne.csv,RPS-F003__neutral,data/representation/neutral_ne.csv
ne:RPS-F004,revision_under_pressure,education_general_knowledge,ne,F004,RPS-F004,data/nepsyc_ne.csv,RPS-F004__neutral,data/representation/neutral_ne.csv
ne:RPS-F005,revision_under_pressure,education_general_knowledge,ne,F005,RPS-F005,data/nepsyc_ne.csv,RPS-F005__neutral,data/representation/neutral_ne.csv
ne:RPS-F006,revision_under_pressure,education_general_knowledge,ne,F006,RPS-F006,data/nepsyc_ne.csv,RPS-F006__neutral,data/representation/neutral_ne.csv
ne:RPS-F007,revision_under_pressure,education_general_knowledge,ne,F007,RPS-F007,data/nepsyc_ne.csv,RPS-F007__neutral,data/representation/neutral_ne.csv
ne:RPS-F008,revision_under_pressure,education_general_knowledge,ne,F008,RPS-F008,data/nepsyc_ne.csv,RPS-F008__neutral,data/representation/neutral_ne.csv
ne:RPS-F009,revision_under_pressure,education_general_knowledge,ne,F009,RPS-F009,data/nepsyc_ne.csv,RPS-F009__neutral,data/representation/neutral_ne.csv
ne:RPS-F010,revision_under_pressure,education_general_knowledge,ne,F010,RPS-F010,data/nepsyc_ne.csv,RPS-F010__neutral,data/representation/neutral_ne.csv
ne:RPS-F011,revision_under_pressure,education_general_knowledge,ne,F011,RPS-F011,data/nepsyc_ne.csv,RPS-F011__neutral,data/representation/neutral_ne.csv
ne:RPS-F012,revision_under_pressure,education_general_knowledge,ne,F012,RPS-F012,data/nepsyc_ne.csv,RPS-F012__neutral,data/representation/neutral_ne.csv
ne:RPS-F013,revision_under_pressure,education_general_knowledge,ne,F013,RPS-F013,data/nepsyc_ne.csv,RPS-F013__neutral,data/representation/neutral_ne.csv
ne:RPS-F014,revision_under_pressure,education_general_knowledge,ne,F014,RPS-F014,data/nepsyc_ne.csv,RPS-F014__neutral,data/representation/neutral_ne.csv
ne:RPS-F015,revision_under_pressure,education_general_knowledge,ne,F015,RPS-F015,data/nepsyc_ne.csv,RPS-F015__neutral,data/representation/neutral_ne.csv
ne:RPS-F016,revision_under_pressure,education_general_knowledge,ne,F016,RPS-F016,data/nepsyc_ne.csv,RPS-F016__neutral,data/representation/neutral_ne.csv
ne:RPS-F017,revision_under_pressure,education_general_knowledge,ne,F017,RPS-F017,data/nepsyc_ne.csv,RPS-F017__neutral,data/representation/neutral_ne.csv
ne:RPS-F018,revision_under_pressure,education_general_knowledge,ne,F018,RPS-F018,data/nepsyc_ne.csv,RPS-F018__neutral,data/representation/neutral_ne.csv
ne:RPS-F019,revision_under_pressure,education_general_knowledge,ne,F019,RPS-F019,data/nepsyc_ne.csv,RPS-F019__neutral,data/representation/neutral_ne.csv
ne:RPS-F020,revision_under_pressure,education_general_knowledge,ne,F020,RPS-F020,data/nepsyc_ne.csv,RPS-F020__neutral,data/representation/neutral_ne.csv
ne:RPS-F021,revision_under_pressure,education_general_knowledge,ne,F021,RPS-F021,data/nepsyc_ne.csv,RPS-F021__neutral,data/representation/neutral_ne.csv
ne:RPS-F022,revision_under_pressure,education_general_knowledge,ne,F022,RPS-F022,data/nepsyc_ne.csv,RPS-F022__neutral,data/representation/neutral_ne.csv
ne:RPS-F023,revision_under_pressure,education_general_knowledge,ne,F023,RPS-F023,data/nepsyc_ne.csv,RPS-F023__neutral,data/representation/neutral_ne.csv
ne:RPS-F024,revision_under_pressure,education_general_knowledge,ne,F024,RPS-F024,data/nepsyc_ne.csv,RPS-F024__neutral,data/representation/neutral_ne.csv
ne:RPS-F025,revision_under_pressure,education_general_knowledge,ne,F025,RPS-F025,data/nepsyc_ne.csv,RPS-F025__neutral,data/representation/neutral_ne.csv
ne:RPS-F026,revision_under_pressure,education_general_knowledge,ne,F026,RPS-F026,data/nepsyc_ne.csv,RPS-F026__neutral,data/representation/neutral_ne.csv
ne:RPS-F027,revision_under_pressure,education_general_knowledge,ne,F027,RPS-F027,data/nepsyc_ne.csv,RPS-F027__neutral,data/representation/neutral_ne.csv
ne:RPS-F028,revision_under_pressure,education_general_knowledge,ne,F028,RPS-F028,data/nepsyc_ne.csv,RPS-F028__neutral,data/representation/neutral_ne.csv
ne:RPS-F029,revision_under_pressure,education_general_knowledge,ne,F029,RPS-F029,data/nepsyc_ne.csv,RPS-F029__neutral,data/representation/neutral_ne.csv
ne:RPS-F030,revision_under_pressure,education_general_knowledge,ne,F030,RPS-F030,data/nepsyc_ne.csv,RPS-F030__neutral,data/representation/neutral_ne.csv
ne:RPS-F031,revision_under_pressure,education_general_knowledge,ne,F031,RPS-F031,data/nepsyc_ne.csv,RPS-F031__neutral,data/representation/neutral_ne.csv
ne:RPS-F032,revision_under_pressure,education_general_knowledge,ne,F032,RPS-F032,data/nepsyc_ne.csv,RPS-F032__neutral,data/representation/neutral_ne.csv
ne:RPS-F033,revision_under_pressure,education_general_knowledge,ne,F033,RPS-F033,data/nepsyc_ne.csv,RPS-F033__neutral,data/representation/neutral_ne.csv
ne:RPS-F034,revision_under_pressure,education_general_knowledge,ne,F034,RPS-F034,data/nepsyc_ne.csv,RPS-F034__neutral,data/representation/neutral_ne.csv
ne:RPS-F035,revision_under_pressure,education_general_knowledge,ne,F035,RPS-F035,data/nepsyc_ne.csv,RPS-F035__neutral,data/representation/neutral_ne.csv
ne:RPS-F036,revision_under_pressure,education_general_knowledge,ne,F036,RPS-F036,data/nepsyc_ne.csv,RPS-F036__neutral,data/representation/neutral_ne.csv
ne:RPS-M001,revision_under_pressure,education_general_knowledge,ne,M001,RPS-M001,data/nepsyc_ne.csv,RPS-M001__neutral,data/representation/neutral_ne.csv
ne:RPS-M002,revision_under_pressure,education_general_knowledge,ne,M002,RPS-M002,data/nepsyc_ne.csv,RPS-M002__neutral,data/representation/neutral_ne.csv
ne:RPS-M003,revision_under_pressure,education_general_knowledge,ne,M003,RPS-M003,data/nepsyc_ne.csv,RPS-M003__neutral,data/representation/neutral_ne.csv
ne:RPS-M004,revision_under_pressure,education_general_knowledge,ne,M004,RPS-M004,data/nepsyc_ne.csv,RPS-M004__neutral,data/representation/neutral_ne.csv
ne:RPS-M005,revision_under_pressure,education_general_knowledge,ne,M005,RPS-M005,data/nepsyc_ne.csv,RPS-M005__neutral,data/representation/neutral_ne.csv
ne:RPS-M006,revision_under_pressure,education_general_knowledge,ne,M006,RPS-M006,data/nepsyc_ne.csv,RPS-M006__neutral,data/representation/neutral_ne.csv
ne:RPS-M007,revision_under_pressure,education_general_knowledge,ne,M007,RPS-M007,data/nepsyc_ne.csv,RPS-M007__neutral,data/representation/neutral_ne.csv
ne:RPS-M008,revision_under_pressure,education_general_knowledge,ne,M008,RPS-M008,data/nepsyc_ne.csv,RPS-M008__neutral,data/representation/neutral_ne.csv
ne:RPS-M009,revision_under_pressure,education_general_knowledge,ne,M009,RPS-M009,data/nepsyc_ne.csv,RPS-M009__neutral,data/representation/neutral_ne.csv
ne:RPS-M010,revision_under_pressure,education_general_knowledge,ne,M010,RPS-M010,data/nepsyc_ne.csv,RPS-M010__neutral,data/representation/neutral_ne.csv
ne:RPS-M011,revision_under_pressure,education_general_knowledge,ne,M011,RPS-M011,data/nepsyc_ne.csv,RPS-M011__neutral,data/representation/neutral_ne.csv
ne:RPS-M012,revision_under_pressure,education_general_knowledge,ne,M012,RPS-M012,data/nepsyc_ne.csv,RPS-M012__neutral,data/representation/neutral_ne.csv
ne:RPS-M013,revision_under_pressure,education_general_knowledge,ne,M013,RPS-M013,data/nepsyc_ne.csv,RPS-M013__neutral,data/representation/neutral_ne.csv
ne:RPS-M014,revision_under_pressure,education_general_knowledge,ne,M014,RPS-M014,data/nepsyc_ne.csv,RPS-M014__neutral,data/representation/neutral_ne.csv
ne:RPS-M015,revision_under_pressure,education_general_knowledge,ne,M015,RPS-M015,data/nepsyc_ne.csv,RPS-M015__neutral,data/representation/neutral_ne.csv
ne:RPS-M016,revision_under_pressure,education_general_knowledge,ne,M016,RPS-M016,data/nepsyc_ne.csv,RPS-M016__neutral,data/representation/neutral_ne.csv
ne:RPS-M017,revision_under_pressure,education_general_knowledge,ne,M017,RPS-M017,data/nepsyc_ne.csv,RPS-M017__neutral,data/representation/neutral_ne.csv
ne:RPS-M018,revision_under_pressure,education_general_knowledge,ne,M018,RPS-M018,data/nepsyc_ne.csv,RPS-M018__neutral,data/representation/neutral_ne.csv
ne:RPS-M019,revision_under_pressure,education_general_knowledge,ne,M019,RPS-M019,data/nepsyc_ne.csv,RPS-M019__neutral,data/representation/neutral_ne.csv
ne:RPS-M020,revision_under_pressure,education_general_knowledge,ne,M020,RPS-M020,data/nepsyc_ne.csv,RPS-M020__neutral,data/representation/neutral_ne.csv
ne:RPS-M021,revision_under_pressure,education_general_knowledge,ne,M021,RPS-M021,data/nepsyc_ne.csv,RPS-M021__neutral,data/representation/neutral_ne.csv
ne:RPS-M022,revision_under_pressure,education_general_knowledge,ne,M022,RPS-M022,data/nepsyc_ne.csv,RPS-M022__neutral,data/representation/neutral_ne.csv
ne:RPS-M023,revision_under_pressure,education_general_knowledge,ne,M023,RPS-M023,data/nepsyc_ne.csv,RPS-M023__neutral,data/representation/neutral_ne.csv
ne:RPS-M024,revision_under_pressure,education_general_knowledge,ne,M024,RPS-M024,data/nepsyc_ne.csv,RPS-M024__neutral,data/representation/neutral_ne.csv
ne:RPS-M025,revision_under_pressure,education_general_knowledge,ne,M025,RPS-M025,data/nepsyc_ne.csv,RPS-M025__neutral,data/representation/neutral_ne.csv
ne:RPS-M026,revision_under_pressure,education_general_knowledge,ne,M026,RPS-M026,data/nepsyc_ne.csv,RPS-M026__neutral,data/representation/neutral_ne.csv
ne:RPS-M027,revision_under_pressure,education_general_knowledge,ne,M027,RPS-M027,data/nepsyc_ne.csv,RPS-M027__neutral,data/representation/neutral_ne.csv
ne:RPS-M028,revision_under_pressure,education_general_knowledge,ne,M028,RPS-M028,data/nepsyc_ne.csv,RPS-M028__neutral,data/representation/neutral_ne.csv
ne:RPS-M029,revision_under_pressure,education_general_knowledge,ne,M029,RPS-M029,data/nepsyc_ne.csv,RPS-M029__neutral,data/representation/neutral_ne.csv
ne:RPS-M030,revision_under_pressure,education_general_knowledge,ne,M030,RPS-M030,data/nepsyc_ne.csv,RPS-M030__neutral,data/representation/neutral_ne.csv
ne:RPS-M031,revision_under_pressure,education_general_knowledge,ne,M031,RPS-M031,data/nepsyc_ne.csv,RPS-M031__neutral,data/representation/neutral_ne.csv
ne:RPS-M032,revision_under_pressure,education_general_knowledge,ne,M032,RPS-M032,data/nepsyc_ne.csv,RPS-M032__neutral,data/representation/neutral_ne.csv
ne:DAS-D001,delusion_acceptance,education_general_knowledge,ne,D001,DAS-D001,data/nepsyc_ne.csv,DAS-D001__neutral,data/representation/neutral_ne.csv
ne:DAS-D002,delusion_acceptance,education_general_knowledge,ne,D002,DAS-D002,data/nepsyc_ne.csv,DAS-D002__neutral,data/representation/neutral_ne.csv
ne:DAS-D003,delusion_acceptance,education_general_knowledge,ne,D003,DAS-D003,data/nepsyc_ne.csv,DAS-D003__neutral,data/representation/neutral_ne.csv
ne:DAS-D004,delusion_acceptance,education_general_knowledge,ne,D004,DAS-D004,data/nepsyc_ne.csv,DAS-D004__neutral,data/representation/neutral_ne.csv
ne:DAS-D005,delusion_acceptance,education_general_knowledge,ne,D005,DAS-D005,data/nepsyc_ne.csv,DAS-D005__neutral,data/representation/neutral_ne.csv
ne:DAS-D006,delusion_acceptance,education_general_knowledge,ne,D006,DAS-D006,data/nepsyc_ne.csv,DAS-D006__neutral,data/representation/neutral_ne.csv
ne:DAS-D007,delusion_acceptance,education_general_knowledge,ne,D007,DAS-D007,data/nepsyc_ne.csv,DAS-D007__neutral,data/representation/neutral_ne.csv
ne:DAS-D008,delusion_acceptance,education_general_knowledge,ne,D008,DAS-D008,data/nepsyc_ne.csv,DAS-D008__neutral,data/representation/neutral_ne.csv
ne:DAS-D009,delusion_acceptance,education_general_knowledge,ne,D009,DAS-D009,data/nepsyc_ne.csv,DAS-D009__neutral,data/representation/neutral_ne.csv
ne:DAS-D010,delusion_acceptance,education_general_knowledge,ne,D010,DAS-D010,data/nepsyc_ne.csv,DAS-D010__neutral,data/representation/neutral_ne.csv
ne:DAS-D011,delusion_acceptance,education_general_knowledge,ne,D011,DAS-D011,data/nepsyc_ne.csv,DAS-D011__neutral,data/representation/neutral_ne.csv
ne:DAS-D012,delusion_acceptance,education_general_knowledge,ne,D012,DAS-D012,data/nepsyc_ne.csv,DAS-D012__neutral,data/representation/neutral_ne.csv
ne:DAS-D013,delusion_acceptance,education_general_knowledge,ne,D013,DAS-D013,data/nepsyc_ne.csv,DAS-D013__neutral,data/representation/neutral_ne.csv
ne:DAS-D014,delusion_acceptance,education_general_knowledge,ne,D014,DAS-D014,data/nepsyc_ne.csv,DAS-D014__neutral,data/representation/neutral_ne.csv
ne:DAS-D015,delusion_acceptance,education_general_knowledge,ne,D015,DAS-D015,data/nepsyc_ne.csv,DAS-D015__neutral,data/representation/neutral_ne.csv
ne:DAS-D016,delusion_acceptance,education_general_knowledge,ne,D016,DAS-D016,data/nepsyc_ne.csv,DAS-D016__neutral,data/representation/neutral_ne.csv
ne:DAS-D017,delusion_acceptance,education_general_knowledge,ne,D017,DAS-D017,data/nepsyc_ne.csv,DAS-D017__neutral,data/representation/neutral_ne.csv
ne:DAS-D018,delusion_acceptance,education_general_knowledge,ne,D018,DAS-D018,data/nepsyc_ne.csv,DAS-D018__neutral,data/representation/neutral_ne.csv
ne:DAS-D019,delusion_acceptance,education_general_knowledge,ne,D019,DAS-D019,data/nepsyc_ne.csv,DAS-D019__neutral,data/representation/neutral_ne.csv
ne:DAS-D020,delusion_acceptance,education_general_knowledge,ne,D020,DAS-D020,data/nepsyc_ne.csv,DAS-D020__neutral,data/representation/neutral_ne.csv
ne:DAS-D021,delusion_acceptance,education_general_knowledge,ne,D021,DAS-D021,data/nepsyc_ne.csv,DAS-D021__neutral,data/representation/neutral_ne.csv
ne:DAS-D022,delusion_acceptance,education_general_knowledge,ne,D022,DAS-D022,data/nepsyc_ne.csv,DAS-D022__neutral,data/representation/neutral_ne.csv
ne:DAS-D023,delusion_acceptance,education_general_knowledge,ne,D023,DAS-D023,data/nepsyc_ne.csv,DAS-D023__neutral,data/representation/neutral_ne.csv
ne:DAS-D024,delusion_acceptance,education_general_knowledge,ne,D024,DAS-D024,data/nepsyc_ne.csv,DAS-D024__neutral,data/representation/neutral_ne.csv
ne:DAS-D025,delusion_acceptance,education_general_knowledge,ne,D025,DAS-D025,data/nepsyc_ne.csv,DAS-D025__neutral,data/representation/neutral_ne.csv
ne:MRS-R001,mirroring,education_general_knowledge,ne,R001,MRS-R001,data/nepsyc_ne.csv,MRS-R001__neutral,data/representation/neutral_ne.csv
ne:MRS-R002,mirroring,education_general_knowledge,ne,R002,MRS-R002,data/nepsyc_ne.csv,MRS-R002__neutral,data/representation/neutral_ne.csv
ne:MRS-R003,mirroring,education_general_knowledge,ne,R003,MRS-R003,data/nepsyc_ne.csv,MRS-R003__neutral,data/representation/neutral_ne.csv
ne:MRS-R004,mirroring,education_general_knowledge,ne,R004,MRS-R004,data/nepsyc_ne.csv,MRS-R004__neutral,data/representation/neutral_ne.csv
ne:MRS-R005,mirroring,education_general_knowledge,ne,R005,MRS-R005,data/nepsyc_ne.csv,MRS-R005__neutral,data/representation/neutral_ne.csv
ne:MRS-R006,mirroring,education_general_knowledge,ne,R006,MRS-R006,data/nepsyc_ne.csv,MRS-R006__neutral,data/representation/neutral_ne.csv
ne:MRS-R007,mirroring,education_general_knowledge,ne,R007,MRS-R007,data/nepsyc_ne.csv,MRS-R007__neutral,data/representation/neutral_ne.csv
ne:MRS-R008,mirroring,education_general_knowledge,ne,R008,MRS-R008,data/nepsyc_ne.csv,MRS-R008__neutral,data/representation/neutral_ne.csv
ne:MRS-R009,mirroring,education_general_knowledge,ne,R009,MRS-R009,data/nepsyc_ne.csv,MRS-R009__neutral,data/representation/neutral_ne.csv
ne:MRS-R010,mirroring,education_general_knowledge,ne,R010,MRS-R010,data/nepsyc_ne.csv,MRS-R010__neutral,data/representation/neutral_ne.csv
ne:MRS-R011,mirroring,education_general_knowledge,ne,R011,MRS-R011,data/nepsyc_ne.csv,MRS-R011__neutral,data/representation/neutral_ne.csv
ne:MRS-R012,mirroring,education_general_knowledge,ne,R012,MRS-R012,data/nepsyc_ne.csv,MRS-R012__neutral,data/representation/neutral_ne.csv
ne:MRS-R013,mirroring,education_general_knowledge,ne,R013,MRS-R013,data/nepsyc_ne.csv,MRS-R013__neutral,data/representation/neutral_ne.csv
ne:MRS-R014,mirroring,education_general_knowledge,ne,R014,MRS-R014,data/nepsyc_ne.csv,MRS-R014__neutral,data/representation/neutral_ne.csv
ne:MRS-R015,mirroring,education_general_knowledge,ne,R015,MRS-R015,data/nepsyc_ne.csv,MRS-R015__neutral,data/representation/neutral_ne.csv
ne:MRS-R016,mirroring,education_general_knowledge,ne,R016,MRS-R016,data/nepsyc_ne.csv,MRS-R016__neutral,data/representation/neutral_ne.csv
ne:MRS-R017,mirroring,education_general_knowledge,ne,R017,MRS-R017,data/nepsyc_ne.csv,MRS-R017__neutral,data/representation/neutral_ne.csv
ne:MRS-R018,mirroring,education_general_knowledge,ne,R018,MRS-R018,data/nepsyc_ne.csv,MRS-R018__neutral,data/representation/neutral_ne.csv
ne:MRS-R019,mirroring,education_general_knowledge,ne,R019,MRS-R019,data/nepsyc_ne.csv,MRS-R019__neutral,data/representation/neutral_ne.csv
ne:MRS-R020,mirroring,education_general_knowledge,ne,R020,MRS-R020,data/nepsyc_ne.csv,MRS-R020__neutral,data/representation/neutral_ne.csv
ne:MRS-R021,mirroring,education_general_knowledge,ne,R021,MRS-R021,data/nepsyc_ne.csv,MRS-R021__neutral,data/representation/neutral_ne.csv
ne:MRS-R022,mirroring,education_general_knowledge,ne,R022,MRS-R022,data/nepsyc_ne.csv,MRS-R022__neutral,data/representation/neutral_ne.csv
ne:MRS-R023,mirroring,education_general_knowledge,ne,R023,MRS-R023,data/nepsyc_ne.csv,MRS-R023__neutral,data/representation/neutral_ne.csv
ne:MRS-R024,mirroring,education_general_knowledge,ne,R024,MRS-R024,data/nepsyc_ne.csv,MRS-R024__neutral,data/representation/neutral_ne.csv
ne:MRS-R025,mirroring,education_general_knowledge,ne,R025,MRS-R025,data/nepsyc_ne.csv,MRS-R025__neutral,data/representation/neutral_ne.csv
ne:ATS-A001,attribution_bias,education_general_knowledge,ne,A001,ATS-A001,data/nepsyc_ne.csv,ATS-A001__neutral,data/representation/neutral_ne.csv
ne:ATS-A002,attribution_bias,education_general_knowledge,ne,A002,ATS-A002,data/nepsyc_ne.csv,ATS-A002__neutral,data/representation/neutral_ne.csv
ne:ATS-A003,attribution_bias,education_general_knowledge,ne,A003,ATS-A003,data/nepsyc_ne.csv,ATS-A003__neutral,data/representation/neutral_ne.csv
ne:ATS-A004,attribution_bias,education_general_knowledge,ne,A004,ATS-A004,data/nepsyc_ne.csv,ATS-A004__neutral,data/representation/neutral_ne.csv
ne:ATS-A005,attribution_bias,education_general_knowledge,ne,A005,ATS-A005,data/nepsyc_ne.csv,ATS-A005__neutral,data/representation/neutral_ne.csv
ne:ATS-A006,attribution_bias,education_general_knowledge,ne,A006,ATS-A006,data/nepsyc_ne.csv,ATS-A006__neutral,data/representation/neutral_ne.csv
ne:ATS-A007,attribution_bias,education_general_knowledge,ne,A007,ATS-A007,data/nepsyc_ne.csv,ATS-A007__neutral,data/representation/neutral_ne.csv
ne:ATS-A008,attribution_bias,education_general_knowledge,ne,A008,ATS-A008,data/nepsyc_ne.csv,ATS-A008__neutral,data/representation/neutral_ne.csv
ne:ATS-A009,attribution_bias,education_general_knowledge,ne,A009,ATS-A009,data/nepsyc_ne.csv,ATS-A009__neutral,data/representation/neutral_ne.csv
ne:ATS-A010,attribution_bias,education_general_knowledge,ne,A010,ATS-A010,data/nepsyc_ne.csv,ATS-A010__neutral,data/representation/neutral_ne.csv
ne:ATS-A011,attribution_bias,education_general_knowledge,ne,A011,ATS-A011,data/nepsyc_ne.csv,ATS-A011__neutral,data/representation/neutral_ne.csv
ne:ATS-A012,attribution_bias,education_general_knowledge,ne,A012,ATS-A012,data/nepsyc_ne.csv,ATS-A012__neutral,data/representation/neutral_ne.csv
ne:ATS-A013,attribution_bias,education_general_knowledge,ne,A013,ATS-A013,data/nepsyc_ne.csv,ATS-A013__neutral,data/representation/neutral_ne.csv
ne:ATS-A014,attribution_bias,education_general_knowledge,ne,A014,ATS-A014,data/nepsyc_ne.csv,ATS-A014__neutral,data/representation/neutral_ne.csv
ne:ATS-A015,attribution_bias,education_general_knowledge,ne,A015,ATS-A015,data/nepsyc_ne.csv,ATS-A015__neutral,data/representation/neutral_ne.csv
ne:ATS-A016,attribution_bias,education_general_knowledge,ne,A016,ATS-A016,data/nepsyc_ne.csv,ATS-A016__neutral,data/representation/neutral_ne.csv
ne:ATS-A017,attribution_bias,education_general_knowledge,ne,A017,ATS-A017,data/nepsyc_ne.csv,ATS-A017__neutral,data/representation/neutral_ne.csv
ne:ATS-A018,attribution_bias,education_general_knowledge,ne,A018,ATS-A018,data/nepsyc_ne.csv,ATS-A018__neutral,data/representation/neutral_ne.csv
ne:ATS-A019,attribution_bias,education_general_knowledge,ne,A019,ATS-A019,data/nepsyc_ne.csv,ATS-A019__neutral,data/representation/neutral_ne.csv
ne:ATS-A020,attribution_bias,education_general_knowledge,ne,A020,ATS-A020,data/nepsyc_ne.csv,ATS-A020__neutral,data/representation/neutral_ne.csv
ne:ATS-A021,attribution_bias,education_general_knowledge,ne,A021,ATS-A021,data/nepsyc_ne.csv,ATS-A021__neutral,data/representation/neutral_ne.csv
ne:ATS-A022,attribution_bias,education_general_knowledge,ne,A022,ATS-A022,data/nepsyc_ne.csv,ATS-A022__neutral,data/representation/neutral_ne.csv
ne:ATS-A023,attribution_bias,education_general_knowledge,ne,A023,ATS-A023,data/nepsyc_ne.csv,ATS-A023__neutral,data/representation/neutral_ne.csv
ne:AIS-U001,authority_influence,education_general_knowledge,ne,U001,AIS-U001,data/nepsyc_ne.csv,AIS-U001__neutral,data/representation/neutral_ne.csv
ne:AIS-U002,authority_influence,education_general_knowledge,ne,U002,AIS-U002,data/nepsyc_ne.csv,AIS-U002__neutral,data/representation/neutral_ne.csv
ne:AIS-U003,authority_influence,education_general_knowledge,ne,U003,AIS-U003,data/nepsyc_ne.csv,AIS-U003__neutral,data/representation/neutral_ne.csv
ne:AIS-U004,authority_influence,education_general_knowledge,ne,U004,AIS-U004,data/nepsyc_ne.csv,AIS-U004__neutral,data/representation/neutral_ne.csv
ne:AIS-U005,authority_influence,education_general_knowledge,ne,U005,AIS-U005,data/nepsyc_ne.csv,AIS-U005__neutral,data/representation/neutral_ne.csv
ne:AIS-U006,authority_influence,education_general_knowledge,ne,U006,AIS-U006,data/nepsyc_ne.csv,AIS-U006__neutral,data/representation/neutral_ne.csv
ne:AIS-U007,authority_influence,education_general_knowledge,ne,U007,AIS-U007,data/nepsyc_ne.csv,AIS-U007__neutral,data/representation/neutral_ne.csv
ne:AIS-U008,authority_influence,education_general_knowledge,ne,U008,AIS-U008,data/nepsyc_ne.csv,AIS-U008__neutral,data/representation/neutral_ne.csv
ne:AIS-U009,authority_influence,education_general_knowledge,ne,U009,AIS-U009,data/nepsyc_ne.csv,AIS-U009__neutral,data/representation/neutral_ne.csv
ne:AIS-U010,authority_influence,education_general_knowledge,ne,U010,AIS-U010,data/nepsyc_ne.csv,AIS-U010__neutral,data/representation/neutral_ne.csv
ne:AIS-U011,authority_influence,education_general_knowledge,ne,U011,AIS-U011,data/nepsyc_ne.csv,AIS-U011__neutral,data/representation/neutral_ne.csv
ne:AIS-U012,authority_influence,education_general_knowledge,ne,U012,AIS-U012,data/nepsyc_ne.csv,AIS-U012__neutral,data/representation/neutral_ne.csv
ne:AIS-U013,authority_influence,education_general_knowledge,ne,U013,AIS-U013,data/nepsyc_ne.csv,AIS-U013__neutral,data/representation/neutral_ne.csv
ne:AIS-U014,authority_influence,education_general_knowledge,ne,U014,AIS-U014,data/nepsyc_ne.csv,AIS-U014__neutral,data/representation/neutral_ne.csv
ne:AIS-U015,authority_influence,education_general_knowledge,ne,U015,AIS-U015,data/nepsyc_ne.csv,AIS-U015__neutral,data/representation/neutral_ne.csv
ne:AIS-U016,authority_influence,education_general_knowledge,ne,U016,AIS-U016,data/nepsyc_ne.csv,AIS-U016__neutral,data/representation/neutral_ne.csv
ne:AIS-U017,authority_influence,education_general_knowledge,ne,U017,AIS-U017,data/nepsyc_ne.csv,AIS-U017__neutral,data/representation/neutral_ne.csv
ne:AIS-U018,authority_influence,education_general_knowledge,ne,U018,AIS-U018,data/nepsyc_ne.csv,AIS-U018__neutral,data/representation/neutral_ne.csv
ne:AIS-U019,authority_influence,education_general_knowledge,ne,U019,AIS-U019,data/nepsyc_ne.csv,AIS-U019__neutral,data/representation/neutral_ne.csv
ne:AIS-U020,authority_influence,education_general_knowledge,ne,U020,AIS-U020,data/nepsyc_ne.csv,AIS-U020__neutral,data/representation/neutral_ne.csv
ne:AIS-U021,authority_influence,education_general_knowledge,ne,U021,AIS-U021,data/nepsyc_ne.csv,AIS-U021__neutral,data/representation/neutral_ne.csv
ne:AIS-U022,authority_influence,education_general_knowledge,ne,U022,AIS-U022,data/nepsyc_ne.csv,AIS-U022__neutral,data/representation/neutral_ne.csv
ne:AIS-U023,authority_influence,education_general_knowledge,ne,U023,AIS-U023,data/nepsyc_ne.csv,AIS-U023__neutral,data/representation/neutral_ne.csv
ne:AIS-U024,authority_influence,education_general_knowledge,ne,U024,AIS-U024,data/nepsyc_ne.csv,AIS-U024__neutral,data/representation/neutral_ne.csv
ne:AIS-U025,authority_influence,education_general_knowledge,ne,U025,AIS-U025,data/nepsyc_ne.csv,AIS-U025__neutral,data/representation/neutral_ne.csv
ne:AIS-U026,authority_influence,education_general_knowledge,ne,U026,AIS-U026,data/nepsyc_ne.csv,AIS-U026__neutral,data/representation/neutral_ne.csv
ne_rom:AGS-F001,agreement_bias,education_general_knowledge,ne_rom,F001,AGS-F001,data/nepsyc_ne_rom.csv,AGS-F001__neutral,data/representation/neutral_ne_rom.csv
ne_rom:AGS-F002,agreement_bias,education_general_knowledge,ne_rom,F002,AGS-F002,data/nepsyc_ne_rom.csv,AGS-F002__neutral,data/representation/neutral_ne_rom.csv
ne_rom:AGS-F003,agreement_bias,education_general_knowledge,ne_rom,F003,AGS-F003,data/nepsyc_ne_rom.csv,AGS-F003__neutral,data/representation/neutral_ne_rom.csv
ne_rom:AGS-F004,agreement_bias,education_general_knowledge,ne_rom,F004,AGS-F004,data/nepsyc_ne_rom.csv,AGS-F004__neutral,data/representation/neutral_ne_rom.csv
ne_rom:AGS-F005,agreement_bias,education_general_knowledge,ne_rom,F005,AGS-F005,data/nepsyc_ne_rom.csv,AGS-F005__neutral,data/representation/neutral_ne_rom.csv
ne_rom:AGS-F006,agreement_bias,education_general_knowledge,ne_rom,F006,AGS-F006,data/nepsyc_ne_rom.csv,AGS-F006__neutral,data/representation/neutral_ne_rom.csv
ne_rom:AGS-F007,agreement_bias,education_general_knowledge,ne_rom,F007,AGS-F007,data/nepsyc_ne_rom.csv,AGS-F007__neutral,data/representation/neutral_ne_rom.csv
ne_rom:AGS-F008,agreement_bias,education_general_knowledge,ne_rom,F008,AGS-F008,data/nepsyc_ne_rom.csv,AGS-F008__neutral,data/representation/neutral_ne_rom.csv
ne_rom:AGS-F009,agreement_bias,education_general_knowledge,ne_rom,F009,AGS-F009,data/nepsyc_ne_rom.csv,AGS-F009__neutral,data/representation/neutral_ne_rom.csv
ne_rom:AGS-F010,agreement_bias,education_general_knowledge,ne_rom,F010,AGS-F010,data/nepsyc_ne_rom.csv,AGS-F010__neutral,data/representation/neutral_ne_rom.csv
ne_rom:AGS-F011,agreement_bias,education_general_knowledge,ne_rom,F011,AGS-F011,data/nepsyc_ne_rom.csv,AGS-F011__neutral,data/representation/neutral_ne_rom.csv
ne_rom:AGS-F012,agreement_bias,education_general_knowledge,ne_rom,F012,AGS-F012,data/nepsyc_ne_rom.csv,AGS-F012__neutral,data/representation/neutral_ne_rom.csv
ne_rom:AGS-F013,agreement_bias,education_general_knowledge,ne_rom,F013,AGS-F013,data/nepsyc_ne_rom.csv,AGS-F013__neutral,data/representation/neutral_ne_rom.csv
ne_rom:AGS-F014,agreement_bias,education_general_knowledge,ne_rom,F014,AGS-F014,data/nepsyc_ne_rom.csv,AGS-F014__neutral,data/representation/neutral_ne_rom.csv
ne_rom:AGS-F015,agreement_bias,education_general_knowledge,ne_rom,F015,AGS-F015,data/nepsyc_ne_rom.csv,AGS-F015__neutral,data/representation/neutral_ne_rom.csv
ne_rom:AGS-F016,agreement_bias,education_general_knowledge,ne_rom,F016,AGS-F016,data/nepsyc_ne_rom.csv,AGS-F016__neutral,data/representation/neutral_ne_rom.csv
ne_rom:AGS-F017,agreement_bias,education_general_knowledge,ne_rom,F017,AGS-F017,data/nepsyc_ne_rom.csv,AGS-F017__neutral,data/representation/neutral_ne_rom.csv
ne_rom:AGS-F018,agreement_bias,education_general_knowledge,ne_rom,F018,AGS-F018,data/nepsyc_ne_rom.csv,AGS-F018__neutral,data/representation/neutral_ne_rom.csv
ne_rom:AGS-F019,agreement_bias,education_general_knowledge,ne_rom,F019,AGS-F019,data/nepsyc_ne_rom.csv,AGS-F019__neutral,data/representation/neutral_ne_rom.csv
ne_rom:AGS-F020,agreement_bias,education_general_knowledge,ne_rom,F020,AGS-F020,data/nepsyc_ne_rom.csv,AGS-F020__neutral,data/representation/neutral_ne_rom.csv
ne_rom:AGS-F021,agreement_bias,education_general_knowledge,ne_rom,F021,AGS-F021,data/nepsyc_ne_rom.csv,AGS-F021__neutral,data/representation/neutral_ne_rom.csv
ne_rom:AGS-F022,agreement_bias,education_general_knowledge,ne_rom,F022,AGS-F022,data/nepsyc_ne_rom.csv,AGS-F022__neutral,data/representation/neutral_ne_rom.csv
ne_rom:AGS-F023,agreement_bias,education_general_knowledge,ne_rom,F023,AGS-F023,data/nepsyc_ne_rom.csv,AGS-F023__neutral,data/representation/neutral_ne_rom.csv
ne_rom:AGS-F024,agreement_bias,education_general_knowledge,ne_rom,F024,AGS-F024,data/nepsyc_ne_rom.csv,AGS-F024__neutral,data/representation/neutral_ne_rom.csv
ne_rom:AGS-F025,agreement_bias,education_general_knowledge,ne_rom,F025,AGS-F025,data/nepsyc_ne_rom.csv,AGS-F025__neutral,data/representation/neutral_ne_rom.csv
ne_rom:AGS-F026,agreement_bias,education_general_knowledge,ne_rom,F026,AGS-F026,data/nepsyc_ne_rom.csv,AGS-F026__neutral,data/representation/neutral_ne_rom.csv
ne_rom:AGS-F027,agreement_bias,education_general_knowledge,ne_rom,F027,AGS-F027,data/nepsyc_ne_rom.csv,AGS-F027__neutral,data/representation/neutral_ne_rom.csv
ne_rom:AGS-F028,agreement_bias,education_general_knowledge,ne_rom,F028,AGS-F028,data/nepsyc_ne_rom.csv,AGS-F028__neutral,data/representation/neutral_ne_rom.csv
ne_rom:AGS-F029,agreement_bias,education_general_knowledge,ne_rom,F029,AGS-F029,data/nepsyc_ne_rom.csv,AGS-F029__neutral,data/representation/neutral_ne_rom.csv
ne_rom:AGS-F030,agreement_bias,education_general_knowledge,ne_rom,F030,AGS-F030,data/nepsyc_ne_rom.csv,AGS-F030__neutral,data/representation/neutral_ne_rom.csv
ne_rom:AGS-F031,agreement_bias,education_general_knowledge,ne_rom,F031,AGS-F031,data/nepsyc_ne_rom.csv,AGS-F031__neutral,data/representation/neutral_ne_rom.csv
ne_rom:AGS-F032,agreement_bias,education_general_knowledge,ne_rom,F032,AGS-F032,data/nepsyc_ne_rom.csv,AGS-F032__neutral,data/representation/neutral_ne_rom.csv
ne_rom:AGS-F033,agreement_bias,education_general_knowledge,ne_rom,F033,AGS-F033,data/nepsyc_ne_rom.csv,AGS-F033__neutral,data/representation/neutral_ne_rom.csv
ne_rom:AGS-F034,agreement_bias,education_general_knowledge,ne_rom,F034,AGS-F034,data/nepsyc_ne_rom.csv,AGS-F034__neutral,data/representation/neutral_ne_rom.csv
ne_rom:AGS-F035,agreement_bias,education_general_knowledge,ne_rom,F035,AGS-F035,data/nepsyc_ne_rom.csv,AGS-F035__neutral,data/representation/neutral_ne_rom.csv
ne_rom:AGS-F036,agreement_bias,education_general_knowledge,ne_rom,F036,AGS-F036,data/nepsyc_ne_rom.csv,AGS-F036__neutral,data/representation/neutral_ne_rom.csv
ne_rom:AGS-M001,agreement_bias,education_general_knowledge,ne_rom,M001,AGS-M001,data/nepsyc_ne_rom.csv,AGS-M001__neutral,data/representation/neutral_ne_rom.csv
ne_rom:AGS-M002,agreement_bias,education_general_knowledge,ne_rom,M002,AGS-M002,data/nepsyc_ne_rom.csv,AGS-M002__neutral,data/representation/neutral_ne_rom.csv
ne_rom:AGS-M003,agreement_bias,education_general_knowledge,ne_rom,M003,AGS-M003,data/nepsyc_ne_rom.csv,AGS-M003__neutral,data/representation/neutral_ne_rom.csv
ne_rom:AGS-M004,agreement_bias,education_general_knowledge,ne_rom,M004,AGS-M004,data/nepsyc_ne_rom.csv,AGS-M004__neutral,data/representation/neutral_ne_rom.csv
ne_rom:AGS-M005,agreement_bias,education_general_knowledge,ne_rom,M005,AGS-M005,data/nepsyc_ne_rom.csv,AGS-M005__neutral,data/representation/neutral_ne_rom.csv
ne_rom:AGS-M006,agreement_bias,education_general_knowledge,ne_rom,M006,AGS-M006,data/nepsyc_ne_rom.csv,AGS-M006__neutral,data/representation/neutral_ne_rom.csv
ne_rom:AGS-M007,agreement_bias,education_general_knowledge,ne_rom,M007,AGS-M007,data/nepsyc_ne_rom.csv,AGS-M007__neutral,data/representation/neutral_ne_rom.csv
ne_rom:AGS-M008,agreement_bias,education_general_knowledge,ne_rom,M008,AGS-M008,data/nepsyc_ne_rom.csv,AGS-M008__neutral,data/representation/neutral_ne_rom.csv
ne_rom:AGS-M009,agreement_bias,education_general_knowledge,ne_rom,M009,AGS-M009,data/nepsyc_ne_rom.csv,AGS-M009__neutral,data/representation/neutral_ne_rom.csv
ne_rom:AGS-M010,agreement_bias,education_general_knowledge,ne_rom,M010,AGS-M010,data/nepsyc_ne_rom.csv,AGS-M010__neutral,data/representation/neutral_ne_rom.csv
ne_rom:AGS-M011,agreement_bias,education_general_knowledge,ne_rom,M011,AGS-M011,data/nepsyc_ne_rom.csv,AGS-M011__neutral,data/representation/neutral_ne_rom.csv
ne_rom:AGS-M012,agreement_bias,education_general_knowledge,ne_rom,M012,AGS-M012,data/nepsyc_ne_rom.csv,AGS-M012__neutral,data/representation/neutral_ne_rom.csv
ne_rom:AGS-M013,agreement_bias,education_general_knowledge,ne_rom,M013,AGS-M013,data/nepsyc_ne_rom.csv,AGS-M013__neutral,data/representation/neutral_ne_rom.csv
ne_rom:AGS-M014,agreement_bias,education_general_knowledge,ne_rom,M014,AGS-M014,data/nepsyc_ne_rom.csv,AGS-M014__neutral,data/representation/neutral_ne_rom.csv
ne_rom:AGS-M015,agreement_bias,education_general_knowledge,ne_rom,M015,AGS-M015,data/nepsyc_ne_rom.csv,AGS-M015__neutral,data/representation/neutral_ne_rom.csv
ne_rom:AGS-M016,agreement_bias,education_general_knowledge,ne_rom,M016,AGS-M016,data/nepsyc_ne_rom.csv,AGS-M016__neutral,data/representation/neutral_ne_rom.csv
ne_rom:AGS-M017,agreement_bias,education_general_knowledge,ne_rom,M017,AGS-M017,data/nepsyc_ne_rom.csv,AGS-M017__neutral,data/representation/neutral_ne_rom.csv
ne_rom:AGS-M018,agreement_bias,education_general_knowledge,ne_rom,M018,AGS-M018,data/nepsyc_ne_rom.csv,AGS-M018__neutral,data/representation/neutral_ne_rom.csv
ne_rom:AGS-M019,agreement_bias,education_general_knowledge,ne_rom,M019,AGS-M019,data/nepsyc_ne_rom.csv,AGS-M019__neutral,data/representation/neutral_ne_rom.csv
ne_rom:AGS-M020,agreement_bias,education_general_knowledge,ne_rom,M020,AGS-M020,data/nepsyc_ne_rom.csv,AGS-M020__neutral,data/representation/neutral_ne_rom.csv
ne_rom:AGS-M021,agreement_bias,education_general_knowledge,ne_rom,M021,AGS-M021,data/nepsyc_ne_rom.csv,AGS-M021__neutral,data/representation/neutral_ne_rom.csv
ne_rom:AGS-M022,agreement_bias,education_general_knowledge,ne_rom,M022,AGS-M022,data/nepsyc_ne_rom.csv,AGS-M022__neutral,data/representation/neutral_ne_rom.csv
ne_rom:AGS-M023,agreement_bias,education_general_knowledge,ne_rom,M023,AGS-M023,data/nepsyc_ne_rom.csv,AGS-M023__neutral,data/representation/neutral_ne_rom.csv
ne_rom:AGS-M024,agreement_bias,education_general_knowledge,ne_rom,M024,AGS-M024,data/nepsyc_ne_rom.csv,AGS-M024__neutral,data/representation/neutral_ne_rom.csv
ne_rom:AGS-M025,agreement_bias,education_general_knowledge,ne_rom,M025,AGS-M025,data/nepsyc_ne_rom.csv,AGS-M025__neutral,data/representation/neutral_ne_rom.csv
ne_rom:AGS-M026,agreement_bias,education_general_knowledge,ne_rom,M026,AGS-M026,data/nepsyc_ne_rom.csv,AGS-M026__neutral,data/representation/neutral_ne_rom.csv
ne_rom:AGS-M027,agreement_bias,education_general_knowledge,ne_rom,M027,AGS-M027,data/nepsyc_ne_rom.csv,AGS-M027__neutral,data/representation/neutral_ne_rom.csv
ne_rom:AGS-M028,agreement_bias,education_general_knowledge,ne_rom,M028,AGS-M028,data/nepsyc_ne_rom.csv,AGS-M028__neutral,data/representation/neutral_ne_rom.csv
ne_rom:AGS-M029,agreement_bias,education_general_knowledge,ne_rom,M029,AGS-M029,data/nepsyc_ne_rom.csv,AGS-M029__neutral,data/representation/neutral_ne_rom.csv
ne_rom:AGS-M030,agreement_bias,education_general_knowledge,ne_rom,M030,AGS-M030,data/nepsyc_ne_rom.csv,AGS-M030__neutral,data/representation/neutral_ne_rom.csv
ne_rom:AGS-M031,agreement_bias,education_general_knowledge,ne_rom,M031,AGS-M031,data/nepsyc_ne_rom.csv,AGS-M031__neutral,data/representation/neutral_ne_rom.csv
ne_rom:AGS-M032,agreement_bias,education_general_knowledge,ne_rom,M032,AGS-M032,data/nepsyc_ne_rom.csv,AGS-M032__neutral,data/representation/neutral_ne_rom.csv
ne_rom:RPS-F001,revision_under_pressure,education_general_knowledge,ne_rom,F001,RPS-F001,data/nepsyc_ne_rom.csv,RPS-F001__neutral,data/representation/neutral_ne_rom.csv
ne_rom:RPS-F002,revision_under_pressure,education_general_knowledge,ne_rom,F002,RPS-F002,data/nepsyc_ne_rom.csv,RPS-F002__neutral,data/representation/neutral_ne_rom.csv
ne_rom:RPS-F003,revision_under_pressure,education_general_knowledge,ne_rom,F003,RPS-F003,data/nepsyc_ne_rom.csv,RPS-F003__neutral,data/representation/neutral_ne_rom.csv
ne_rom:RPS-F004,revision_under_pressure,education_general_knowledge,ne_rom,F004,RPS-F004,data/nepsyc_ne_rom.csv,RPS-F004__neutral,data/representation/neutral_ne_rom.csv
ne_rom:RPS-F005,revision_under_pressure,education_general_knowledge,ne_rom,F005,RPS-F005,data/nepsyc_ne_rom.csv,RPS-F005__neutral,data/representation/neutral_ne_rom.csv
ne_rom:RPS-F006,revision_under_pressure,education_general_knowledge,ne_rom,F006,RPS-F006,data/nepsyc_ne_rom.csv,RPS-F006__neutral,data/representation/neutral_ne_rom.csv
ne_rom:RPS-F007,revision_under_pressure,education_general_knowledge,ne_rom,F007,RPS-F007,data/nepsyc_ne_rom.csv,RPS-F007__neutral,data/representation/neutral_ne_rom.csv
ne_rom:RPS-F008,revision_under_pressure,education_general_knowledge,ne_rom,F008,RPS-F008,data/nepsyc_ne_rom.csv,RPS-F008__neutral,data/representation/neutral_ne_rom.csv
ne_rom:RPS-F009,revision_under_pressure,education_general_knowledge,ne_rom,F009,RPS-F009,data/nepsyc_ne_rom.csv,RPS-F009__neutral,data/representation/neutral_ne_rom.csv
ne_rom:RPS-F010,revision_under_pressure,education_general_knowledge,ne_rom,F010,RPS-F010,data/nepsyc_ne_rom.csv,RPS-F010__neutral,data/representation/neutral_ne_rom.csv
ne_rom:RPS-F011,revision_under_pressure,education_general_knowledge,ne_rom,F011,RPS-F011,data/nepsyc_ne_rom.csv,RPS-F011__neutral,data/representation/neutral_ne_rom.csv
ne_rom:RPS-F012,revision_under_pressure,education_general_knowledge,ne_rom,F012,RPS-F012,data/nepsyc_ne_rom.csv,RPS-F012__neutral,data/representation/neutral_ne_rom.csv
ne_rom:RPS-F013,revision_under_pressure,education_general_knowledge,ne_rom,F013,RPS-F013,data/nepsyc_ne_rom.csv,RPS-F013__neutral,data/representation/neutral_ne_rom.csv
ne_rom:RPS-F014,revision_under_pressure,education_general_knowledge,ne_rom,F014,RPS-F014,data/nepsyc_ne_rom.csv,RPS-F014__neutral,data/representation/neutral_ne_rom.csv
ne_rom:RPS-F015,revision_under_pressure,education_general_knowledge,ne_rom,F015,RPS-F015,data/nepsyc_ne_rom.csv,RPS-F015__neutral,data/representation/neutral_ne_rom.csv
ne_rom:RPS-F016,revision_under_pressure,education_general_knowledge,ne_rom,F016,RPS-F016,data/nepsyc_ne_rom.csv,RPS-F016__neutral,data/representation/neutral_ne_rom.csv
ne_rom:RPS-F017,revision_under_pressure,education_general_knowledge,ne_rom,F017,RPS-F017,data/nepsyc_ne_rom.csv,RPS-F017__neutral,data/representation/neutral_ne_rom.csv
ne_rom:RPS-F018,revision_under_pressure,education_general_knowledge,ne_rom,F018,RPS-F018,data/nepsyc_ne_rom.csv,RPS-F018__neutral,data/representation/neutral_ne_rom.csv
ne_rom:RPS-F019,revision_under_pressure,education_general_knowledge,ne_rom,F019,RPS-F019,data/nepsyc_ne_rom.csv,RPS-F019__neutral,data/representation/neutral_ne_rom.csv
ne_rom:RPS-F020,revision_under_pressure,education_general_knowledge,ne_rom,F020,RPS-F020,data/nepsyc_ne_rom.csv,RPS-F020__neutral,data/representation/neutral_ne_rom.csv
ne_rom:RPS-F021,revision_under_pressure,education_general_knowledge,ne_rom,F021,RPS-F021,data/nepsyc_ne_rom.csv,RPS-F021__neutral,data/representation/neutral_ne_rom.csv
ne_rom:RPS-F022,revision_under_pressure,education_general_knowledge,ne_rom,F022,RPS-F022,data/nepsyc_ne_rom.csv,RPS-F022__neutral,data/representation/neutral_ne_rom.csv
ne_rom:RPS-F023,revision_under_pressure,education_general_knowledge,ne_rom,F023,RPS-F023,data/nepsyc_ne_rom.csv,RPS-F023__neutral,data/representation/neutral_ne_rom.csv
ne_rom:RPS-F024,revision_under_pressure,education_general_knowledge,ne_rom,F024,RPS-F024,data/nepsyc_ne_rom.csv,RPS-F024__neutral,data/representation/neutral_ne_rom.csv
ne_rom:RPS-F025,revision_under_pressure,education_general_knowledge,ne_rom,F025,RPS-F025,data/nepsyc_ne_rom.csv,RPS-F025__neutral,data/representation/neutral_ne_rom.csv
ne_rom:RPS-F026,revision_under_pressure,education_general_knowledge,ne_rom,F026,RPS-F026,data/nepsyc_ne_rom.csv,RPS-F026__neutral,data/representation/neutral_ne_rom.csv
ne_rom:RPS-F027,revision_under_pressure,education_general_knowledge,ne_rom,F027,RPS-F027,data/nepsyc_ne_rom.csv,RPS-F027__neutral,data/representation/neutral_ne_rom.csv
ne_rom:RPS-F028,revision_under_pressure,education_general_knowledge,ne_rom,F028,RPS-F028,data/nepsyc_ne_rom.csv,RPS-F028__neutral,data/representation/neutral_ne_rom.csv
ne_rom:RPS-F029,revision_under_pressure,education_general_knowledge,ne_rom,F029,RPS-F029,data/nepsyc_ne_rom.csv,RPS-F029__neutral,data/representation/neutral_ne_rom.csv
ne_rom:RPS-F030,revision_under_pressure,education_general_knowledge,ne_rom,F030,RPS-F030,data/nepsyc_ne_rom.csv,RPS-F030__neutral,data/representation/neutral_ne_rom.csv
ne_rom:RPS-F031,revision_under_pressure,education_general_knowledge,ne_rom,F031,RPS-F031,data/nepsyc_ne_rom.csv,RPS-F031__neutral,data/representation/neutral_ne_rom.csv
ne_rom:RPS-F032,revision_under_pressure,education_general_knowledge,ne_rom,F032,RPS-F032,data/nepsyc_ne_rom.csv,RPS-F032__neutral,data/representation/neutral_ne_rom.csv
ne_rom:RPS-F033,revision_under_pressure,education_general_knowledge,ne_rom,F033,RPS-F033,data/nepsyc_ne_rom.csv,RPS-F033__neutral,data/representation/neutral_ne_rom.csv
ne_rom:RPS-F034,revision_under_pressure,education_general_knowledge,ne_rom,F034,RPS-F034,data/nepsyc_ne_rom.csv,RPS-F034__neutral,data/representation/neutral_ne_rom.csv
ne_rom:RPS-F035,revision_under_pressure,education_general_knowledge,ne_rom,F035,RPS-F035,data/nepsyc_ne_rom.csv,RPS-F035__neutral,data/representation/neutral_ne_rom.csv
ne_rom:RPS-F036,revision_under_pressure,education_general_knowledge,ne_rom,F036,RPS-F036,data/nepsyc_ne_rom.csv,RPS-F036__neutral,data/representation/neutral_ne_rom.csv
ne_rom:RPS-M001,revision_under_pressure,education_general_knowledge,ne_rom,M001,RPS-M001,data/nepsyc_ne_rom.csv,RPS-M001__neutral,data/representation/neutral_ne_rom.csv
ne_rom:RPS-M002,revision_under_pressure,education_general_knowledge,ne_rom,M002,RPS-M002,data/nepsyc_ne_rom.csv,RPS-M002__neutral,data/representation/neutral_ne_rom.csv
ne_rom:RPS-M003,revision_under_pressure,education_general_knowledge,ne_rom,M003,RPS-M003,data/nepsyc_ne_rom.csv,RPS-M003__neutral,data/representation/neutral_ne_rom.csv
ne_rom:RPS-M004,revision_under_pressure,education_general_knowledge,ne_rom,M004,RPS-M004,data/nepsyc_ne_rom.csv,RPS-M004__neutral,data/representation/neutral_ne_rom.csv
ne_rom:RPS-M005,revision_under_pressure,education_general_knowledge,ne_rom,M005,RPS-M005,data/nepsyc_ne_rom.csv,RPS-M005__neutral,data/representation/neutral_ne_rom.csv
ne_rom:RPS-M006,revision_under_pressure,education_general_knowledge,ne_rom,M006,RPS-M006,data/nepsyc_ne_rom.csv,RPS-M006__neutral,data/representation/neutral_ne_rom.csv
ne_rom:RPS-M007,revision_under_pressure,education_general_knowledge,ne_rom,M007,RPS-M007,data/nepsyc_ne_rom.csv,RPS-M007__neutral,data/representation/neutral_ne_rom.csv
ne_rom:RPS-M008,revision_under_pressure,education_general_knowledge,ne_rom,M008,RPS-M008,data/nepsyc_ne_rom.csv,RPS-M008__neutral,data/representation/neutral_ne_rom.csv
ne_rom:RPS-M009,revision_under_pressure,education_general_knowledge,ne_rom,M009,RPS-M009,data/nepsyc_ne_rom.csv,RPS-M009__neutral,data/representation/neutral_ne_rom.csv
ne_rom:RPS-M010,revision_under_pressure,education_general_knowledge,ne_rom,M010,RPS-M010,data/nepsyc_ne_rom.csv,RPS-M010__neutral,data/representation/neutral_ne_rom.csv
ne_rom:RPS-M011,revision_under_pressure,education_general_knowledge,ne_rom,M011,RPS-M011,data/nepsyc_ne_rom.csv,RPS-M011__neutral,data/representation/neutral_ne_rom.csv
ne_rom:RPS-M012,revision_under_pressure,education_general_knowledge,ne_rom,M012,RPS-M012,data/nepsyc_ne_rom.csv,RPS-M012__neutral,data/representation/neutral_ne_rom.csv
ne_rom:RPS-M013,revision_under_pressure,education_general_knowledge,ne_rom,M013,RPS-M013,data/nepsyc_ne_rom.csv,RPS-M013__neutral,data/representation/neutral_ne_rom.csv
ne_rom:RPS-M014,revision_under_pressure,education_general_knowledge,ne_rom,M014,RPS-M014,data/nepsyc_ne_rom.csv,RPS-M014__neutral,data/representation/neutral_ne_rom.csv
ne_rom:RPS-M015,revision_under_pressure,education_general_knowledge,ne_rom,M015,RPS-M015,data/nepsyc_ne_rom.csv,RPS-M015__neutral,data/representation/neutral_ne_rom.csv
ne_rom:RPS-M016,revision_under_pressure,education_general_knowledge,ne_rom,M016,RPS-M016,data/nepsyc_ne_rom.csv,RPS-M016__neutral,data/representation/neutral_ne_rom.csv
ne_rom:RPS-M017,revision_under_pressure,education_general_knowledge,ne_rom,M017,RPS-M017,data/nepsyc_ne_rom.csv,RPS-M017__neutral,data/representation/neutral_ne_rom.csv
ne_rom:RPS-M018,revision_under_pressure,education_general_knowledge,ne_rom,M018,RPS-M018,data/nepsyc_ne_rom.csv,RPS-M018__neutral,data/representation/neutral_ne_rom.csv
ne_rom:RPS-M019,revision_under_pressure,education_general_knowledge,ne_rom,M019,RPS-M019,data/nepsyc_ne_rom.csv,RPS-M019__neutral,data/representation/neutral_ne_rom.csv
ne_rom:RPS-M020,revision_under_pressure,education_general_knowledge,ne_rom,M020,RPS-M020,data/nepsyc_ne_rom.csv,RPS-M020__neutral,data/representation/neutral_ne_rom.csv
ne_rom:RPS-M021,revision_under_pressure,education_general_knowledge,ne_rom,M021,RPS-M021,data/nepsyc_ne_rom.csv,RPS-M021__neutral,data/representation/neutral_ne_rom.csv
ne_rom:RPS-M022,revision_under_pressure,education_general_knowledge,ne_rom,M022,RPS-M022,data/nepsyc_ne_rom.csv,RPS-M022__neutral,data/representation/neutral_ne_rom.csv
ne_rom:RPS-M023,revision_under_pressure,education_general_knowledge,ne_rom,M023,RPS-M023,data/nepsyc_ne_rom.csv,RPS-M023__neutral,data/representation/neutral_ne_rom.csv
ne_rom:RPS-M024,revision_under_pressure,education_general_knowledge,ne_rom,M024,RPS-M024,data/nepsyc_ne_rom.csv,RPS-M024__neutral,data/representation/neutral_ne_rom.csv
ne_rom:RPS-M025,revision_under_pressure,education_general_knowledge,ne_rom,M025,RPS-M025,data/nepsyc_ne_rom.csv,RPS-M025__neutral,data/representation/neutral_ne_rom.csv
ne_rom:RPS-M026,revision_under_pressure,education_general_knowledge,ne_rom,M026,RPS-M026,data/nepsyc_ne_rom.csv,RPS-M026__neutral,data/representation/neutral_ne_rom.csv
ne_rom:RPS-M027,revision_under_pressure,education_general_knowledge,ne_rom,M027,RPS-M027,data/nepsyc_ne_rom.csv,RPS-M027__neutral,data/representation/neutral_ne_rom.csv
ne_rom:RPS-M028,revision_under_pressure,education_general_knowledge,ne_rom,M028,RPS-M028,data/nepsyc_ne_rom.csv,RPS-M028__neutral,data/representation/neutral_ne_rom.csv
ne_rom:RPS-M029,revision_under_pressure,education_general_knowledge,ne_rom,M029,RPS-M029,data/nepsyc_ne_rom.csv,RPS-M029__neutral,data/representation/neutral_ne_rom.csv
ne_rom:RPS-M030,revision_under_pressure,education_general_knowledge,ne_rom,M030,RPS-M030,data/nepsyc_ne_rom.csv,RPS-M030__neutral,data/representation/neutral_ne_rom.csv
ne_rom:RPS-M031,revision_under_pressure,education_general_knowledge,ne_rom,M031,RPS-M031,data/nepsyc_ne_rom.csv,RPS-M031__neutral,data/representation/neutral_ne_rom.csv
ne_rom:RPS-M032,revision_under_pressure,education_general_knowledge,ne_rom,M032,RPS-M032,data/nepsyc_ne_rom.csv,RPS-M032__neutral,data/representation/neutral_ne_rom.csv
ne_rom:DAS-D001,delusion_acceptance,education_general_knowledge,ne_rom,D001,DAS-D001,data/nepsyc_ne_rom.csv,DAS-D001__neutral,data/representation/neutral_ne_rom.csv
ne_rom:DAS-D002,delusion_acceptance,education_general_knowledge,ne_rom,D002,DAS-D002,data/nepsyc_ne_rom.csv,DAS-D002__neutral,data/representation/neutral_ne_rom.csv
ne_rom:DAS-D003,delusion_acceptance,education_general_knowledge,ne_rom,D003,DAS-D003,data/nepsyc_ne_rom.csv,DAS-D003__neutral,data/representation/neutral_ne_rom.csv
ne_rom:DAS-D004,delusion_acceptance,education_general_knowledge,ne_rom,D004,DAS-D004,data/nepsyc_ne_rom.csv,DAS-D004__neutral,data/representation/neutral_ne_rom.csv
ne_rom:DAS-D005,delusion_acceptance,education_general_knowledge,ne_rom,D005,DAS-D005,data/nepsyc_ne_rom.csv,DAS-D005__neutral,data/representation/neutral_ne_rom.csv
ne_rom:DAS-D006,delusion_acceptance,education_general_knowledge,ne_rom,D006,DAS-D006,data/nepsyc_ne_rom.csv,DAS-D006__neutral,data/representation/neutral_ne_rom.csv
ne_rom:DAS-D007,delusion_acceptance,education_general_knowledge,ne_rom,D007,DAS-D007,data/nepsyc_ne_rom.csv,DAS-D007__neutral,data/representation/neutral_ne_rom.csv
ne_rom:DAS-D008,delusion_acceptance,education_general_knowledge,ne_rom,D008,DAS-D008,data/nepsyc_ne_rom.csv,DAS-D008__neutral,data/representation/neutral_ne_rom.csv
ne_rom:DAS-D009,delusion_acceptance,education_general_knowledge,ne_rom,D009,DAS-D009,data/nepsyc_ne_rom.csv,DAS-D009__neutral,data/representation/neutral_ne_rom.csv
ne_rom:DAS-D010,delusion_acceptance,education_general_knowledge,ne_rom,D010,DAS-D010,data/nepsyc_ne_rom.csv,DAS-D010__neutral,data/representation/neutral_ne_rom.csv
ne_rom:DAS-D011,delusion_acceptance,education_general_knowledge,ne_rom,D011,DAS-D011,data/nepsyc_ne_rom.csv,DAS-D011__neutral,data/representation/neutral_ne_rom.csv
ne_rom:DAS-D012,delusion_acceptance,education_general_knowledge,ne_rom,D012,DAS-D012,data/nepsyc_ne_rom.csv,DAS-D012__neutral,data/representation/neutral_ne_rom.csv
ne_rom:DAS-D013,delusion_acceptance,education_general_knowledge,ne_rom,D013,DAS-D013,data/nepsyc_ne_rom.csv,DAS-D013__neutral,data/representation/neutral_ne_rom.csv
ne_rom:DAS-D014,delusion_acceptance,education_general_knowledge,ne_rom,D014,DAS-D014,data/nepsyc_ne_rom.csv,DAS-D014__neutral,data/representation/neutral_ne_rom.csv
ne_rom:DAS-D015,delusion_acceptance,education_general_knowledge,ne_rom,D015,DAS-D015,data/nepsyc_ne_rom.csv,DAS-D015__neutral,data/representation/neutral_ne_rom.csv
ne_rom:DAS-D016,delusion_acceptance,education_general_knowledge,ne_rom,D016,DAS-D016,data/nepsyc_ne_rom.csv,DAS-D016__neutral,data/representation/neutral_ne_rom.csv
ne_rom:DAS-D017,delusion_acceptance,education_general_knowledge,ne_rom,D017,DAS-D017,data/nepsyc_ne_rom.csv,DAS-D017__neutral,data/representation/neutral_ne_rom.csv
ne_rom:DAS-D018,delusion_acceptance,education_general_knowledge,ne_rom,D018,DAS-D018,data/nepsyc_ne_rom.csv,DAS-D018__neutral,data/representation/neutral_ne_rom.csv
ne_rom:DAS-D019,delusion_acceptance,education_general_knowledge,ne_rom,D019,DAS-D019,data/nepsyc_ne_rom.csv,DAS-D019__neutral,data/representation/neutral_ne_rom.csv
ne_rom:DAS-D020,delusion_acceptance,education_general_knowledge,ne_rom,D020,DAS-D020,data/nepsyc_ne_rom.csv,DAS-D020__neutral,data/representation/neutral_ne_rom.csv
ne_rom:DAS-D021,delusion_acceptance,education_general_knowledge,ne_rom,D021,DAS-D021,data/nepsyc_ne_rom.csv,DAS-D021__neutral,data/representation/neutral_ne_rom.csv
ne_rom:DAS-D022,delusion_acceptance,education_general_knowledge,ne_rom,D022,DAS-D022,data/nepsyc_ne_rom.csv,DAS-D022__neutral,data/representation/neutral_ne_rom.csv
ne_rom:DAS-D023,delusion_acceptance,education_general_knowledge,ne_rom,D023,DAS-D023,data/nepsyc_ne_rom.csv,DAS-D023__neutral,data/representation/neutral_ne_rom.csv
ne_rom:DAS-D024,delusion_acceptance,education_general_knowledge,ne_rom,D024,DAS-D024,data/nepsyc_ne_rom.csv,DAS-D024__neutral,data/representation/neutral_ne_rom.csv
ne_rom:DAS-D025,delusion_acceptance,education_general_knowledge,ne_rom,D025,DAS-D025,data/nepsyc_ne_rom.csv,DAS-D025__neutral,data/representation/neutral_ne_rom.csv
ne_rom:MRS-R001,mirroring,education_general_knowledge,ne_rom,R001,MRS-R001,data/nepsyc_ne_rom.csv,MRS-R001__neutral,data/representation/neutral_ne_rom.csv
ne_rom:MRS-R002,mirroring,education_general_knowledge,ne_rom,R002,MRS-R002,data/nepsyc_ne_rom.csv,MRS-R002__neutral,data/representation/neutral_ne_rom.csv
ne_rom:MRS-R003,mirroring,education_general_knowledge,ne_rom,R003,MRS-R003,data/nepsyc_ne_rom.csv,MRS-R003__neutral,data/representation/neutral_ne_rom.csv
ne_rom:MRS-R004,mirroring,education_general_knowledge,ne_rom,R004,MRS-R004,data/nepsyc_ne_rom.csv,MRS-R004__neutral,data/representation/neutral_ne_rom.csv
ne_rom:MRS-R005,mirroring,education_general_knowledge,ne_rom,R005,MRS-R005,data/nepsyc_ne_rom.csv,MRS-R005__neutral,data/representation/neutral_ne_rom.csv
ne_rom:MRS-R006,mirroring,education_general_knowledge,ne_rom,R006,MRS-R006,data/nepsyc_ne_rom.csv,MRS-R006__neutral,data/representation/neutral_ne_rom.csv
ne_rom:MRS-R007,mirroring,education_general_knowledge,ne_rom,R007,MRS-R007,data/nepsyc_ne_rom.csv,MRS-R007__neutral,data/representation/neutral_ne_rom.csv
ne_rom:MRS-R008,mirroring,education_general_knowledge,ne_rom,R008,MRS-R008,data/nepsyc_ne_rom.csv,MRS-R008__neutral,data/representation/neutral_ne_rom.csv
ne_rom:MRS-R009,mirroring,education_general_knowledge,ne_rom,R009,MRS-R009,data/nepsyc_ne_rom.csv,MRS-R009__neutral,data/representation/neutral_ne_rom.csv
ne_rom:MRS-R010,mirroring,education_general_knowledge,ne_rom,R010,MRS-R010,data/nepsyc_ne_rom.csv,MRS-R010__neutral,data/representation/neutral_ne_rom.csv
ne_rom:MRS-R011,mirroring,education_general_knowledge,ne_rom,R011,MRS-R011,data/nepsyc_ne_rom.csv,MRS-R011__neutral,data/representation/neutral_ne_rom.csv
ne_rom:MRS-R012,mirroring,education_general_knowledge,ne_rom,R012,MRS-R012,data/nepsyc_ne_rom.csv,MRS-R012__neutral,data/representation/neutral_ne_rom.csv
ne_rom:MRS-R013,mirroring,education_general_knowledge,ne_rom,R013,MRS-R013,data/nepsyc_ne_rom.csv,MRS-R013__neutral,data/representation/neutral_ne_rom.csv
ne_rom:MRS-R014,mirroring,education_general_knowledge,ne_rom,R014,MRS-R014,data/nepsyc_ne_rom.csv,MRS-R014__neutral,data/representation/neutral_ne_rom.csv
ne_rom:MRS-R015,mirroring,education_general_knowledge,ne_rom,R015,MRS-R015,data/nepsyc_ne_rom.csv,MRS-R015__neutral,data/representation/neutral_ne_rom.csv
ne_rom:MRS-R016,mirroring,education_general_knowledge,ne_rom,R016,MRS-R016,data/nepsyc_ne_rom.csv,MRS-R016__neutral,data/representation/neutral_ne_rom.csv
ne_rom:MRS-R017,mirroring,education_general_knowledge,ne_rom,R017,MRS-R017,data/nepsyc_ne_rom.csv,MRS-R017__neutral,data/representation/neutral_ne_rom.csv
ne_rom:MRS-R018,mirroring,education_general_knowledge,ne_rom,R018,MRS-R018,data/nepsyc_ne_rom.csv,MRS-R018__neutral,data/representation/neutral_ne_rom.csv
ne_rom:MRS-R019,mirroring,education_general_knowledge,ne_rom,R019,MRS-R019,data/nepsyc_ne_rom.csv,MRS-R019__neutral,data/representation/neutral_ne_rom.csv
ne_rom:MRS-R020,mirroring,education_general_knowledge,ne_rom,R020,MRS-R020,data/nepsyc_ne_rom.csv,MRS-R020__neutral,data/representation/neutral_ne_rom.csv
ne_rom:MRS-R021,mirroring,education_general_knowledge,ne_rom,R021,MRS-R021,data/nepsyc_ne_rom.csv,MRS-R021__neutral,data/representation/neutral_ne_rom.csv
ne_rom:MRS-R022,mirroring,education_general_knowledge,ne_rom,R022,MRS-R022,data/nepsyc_ne_rom.csv,MRS-R022__neutral,data/representation/neutral_ne_rom.csv
ne_rom:MRS-R023,mirroring,education_general_knowledge,ne_rom,R023,MRS-R023,data/nepsyc_ne_rom.csv,MRS-R023__neutral,data/representation/neutral_ne_rom.csv
ne_rom:MRS-R024,mirroring,education_general_knowledge,ne_rom,R024,MRS-R024,data/nepsyc_ne_rom.csv,MRS-R024__neutral,data/representation/neutral_ne_rom.csv
ne_rom:MRS-R025,mirroring,education_general_knowledge,ne_rom,R025,MRS-R025,data/nepsyc_ne_rom.csv,MRS-R025__neutral,data/representation/neutral_ne_rom.csv
ne_rom:ATS-A001,attribution_bias,education_general_knowledge,ne_rom,A001,ATS-A001,data/nepsyc_ne_rom.csv,ATS-A001__neutral,data/representation/neutral_ne_rom.csv
ne_rom:ATS-A002,attribution_bias,education_general_knowledge,ne_rom,A002,ATS-A002,data/nepsyc_ne_rom.csv,ATS-A002__neutral,data/representation/neutral_ne_rom.csv
ne_rom:ATS-A003,attribution_bias,education_general_knowledge,ne_rom,A003,ATS-A003,data/nepsyc_ne_rom.csv,ATS-A003__neutral,data/representation/neutral_ne_rom.csv
ne_rom:ATS-A004,attribution_bias,education_general_knowledge,ne_rom,A004,ATS-A004,data/nepsyc_ne_rom.csv,ATS-A004__neutral,data/representation/neutral_ne_rom.csv
ne_rom:ATS-A005,attribution_bias,education_general_knowledge,ne_rom,A005,ATS-A005,data/nepsyc_ne_rom.csv,ATS-A005__neutral,data/representation/neutral_ne_rom.csv
ne_rom:ATS-A006,attribution_bias,education_general_knowledge,ne_rom,A006,ATS-A006,data/nepsyc_ne_rom.csv,ATS-A006__neutral,data/representation/neutral_ne_rom.csv
ne_rom:ATS-A007,attribution_bias,education_general_knowledge,ne_rom,A007,ATS-A007,data/nepsyc_ne_rom.csv,ATS-A007__neutral,data/representation/neutral_ne_rom.csv
ne_rom:ATS-A008,attribution_bias,education_general_knowledge,ne_rom,A008,ATS-A008,data/nepsyc_ne_rom.csv,ATS-A008__neutral,data/representation/neutral_ne_rom.csv
ne_rom:ATS-A009,attribution_bias,education_general_knowledge,ne_rom,A009,ATS-A009,data/nepsyc_ne_rom.csv,ATS-A009__neutral,data/representation/neutral_ne_rom.csv
ne_rom:ATS-A010,attribution_bias,education_general_knowledge,ne_rom,A010,ATS-A010,data/nepsyc_ne_rom.csv,ATS-A010__neutral,data/representation/neutral_ne_rom.csv
ne_rom:ATS-A011,attribution_bias,education_general_knowledge,ne_rom,A011,ATS-A011,data/nepsyc_ne_rom.csv,ATS-A011__neutral,data/representation/neutral_ne_rom.csv
ne_rom:ATS-A012,attribution_bias,education_general_knowledge,ne_rom,A012,ATS-A012,data/nepsyc_ne_rom.csv,ATS-A012__neutral,data/representation/neutral_ne_rom.csv
ne_rom:ATS-A013,attribution_bias,education_general_knowledge,ne_rom,A013,ATS-A013,data/nepsyc_ne_rom.csv,ATS-A013__neutral,data/representation/neutral_ne_rom.csv
ne_rom:ATS-A014,attribution_bias,education_general_knowledge,ne_rom,A014,ATS-A014,data/nepsyc_ne_rom.csv,ATS-A014__neutral,data/representation/neutral_ne_rom.csv
ne_rom:ATS-A015,attribution_bias,education_general_knowledge,ne_rom,A015,ATS-A015,data/nepsyc_ne_rom.csv,ATS-A015__neutral,data/representation/neutral_ne_rom.csv
ne_rom:ATS-A016,attribution_bias,education_general_knowledge,ne_rom,A016,ATS-A016,data/nepsyc_ne_rom.csv,ATS-A016__neutral,data/representation/neutral_ne_rom.csv
ne_rom:ATS-A017,attribution_bias,education_general_knowledge,ne_rom,A017,ATS-A017,data/nepsyc_ne_rom.csv,ATS-A017__neutral,data/representation/neutral_ne_rom.csv
ne_rom:ATS-A018,attribution_bias,education_general_knowledge,ne_rom,A018,ATS-A018,data/nepsyc_ne_rom.csv,ATS-A018__neutral,data/representation/neutral_ne_rom.csv
ne_rom:ATS-A019,attribution_bias,education_general_knowledge,ne_rom,A019,ATS-A019,data/nepsyc_ne_rom.csv,ATS-A019__neutral,data/representation/neutral_ne_rom.csv
ne_rom:ATS-A020,attribution_bias,education_general_knowledge,ne_rom,A020,ATS-A020,data/nepsyc_ne_rom.csv,ATS-A020__neutral,data/representation/neutral_ne_rom.csv
ne_rom:ATS-A021,attribution_bias,education_general_knowledge,ne_rom,A021,ATS-A021,data/nepsyc_ne_rom.csv,ATS-A021__neutral,data/representation/neutral_ne_rom.csv
ne_rom:ATS-A022,attribution_bias,education_general_knowledge,ne_rom,A022,ATS-A022,data/nepsyc_ne_rom.csv,ATS-A022__neutral,data/representation/neutral_ne_rom.csv
ne_rom:ATS-A023,attribution_bias,education_general_knowledge,ne_rom,A023,ATS-A023,data/nepsyc_ne_rom.csv,ATS-A023__neutral,data/representation/neutral_ne_rom.csv
ne_rom:AIS-U001,authority_influence,education_general_knowledge,ne_rom,U001,AIS-U001,data/nepsyc_ne_rom.csv,AIS-U001__neutral,data/representation/neutral_ne_rom.csv
ne_rom:AIS-U002,authority_influence,education_general_knowledge,ne_rom,U002,AIS-U002,data/nepsyc_ne_rom.csv,AIS-U002__neutral,data/representation/neutral_ne_rom.csv
ne_rom:AIS-U003,authority_influence,education_general_knowledge,ne_rom,U003,AIS-U003,data/nepsyc_ne_rom.csv,AIS-U003__neutral,data/representation/neutral_ne_rom.csv
ne_rom:AIS-U004,authority_influence,education_general_knowledge,ne_rom,U004,AIS-U004,data/nepsyc_ne_rom.csv,AIS-U004__neutral,data/representation/neutral_ne_rom.csv
ne_rom:AIS-U005,authority_influence,education_general_knowledge,ne_rom,U005,AIS-U005,data/nepsyc_ne_rom.csv,AIS-U005__neutral,data/representation/neutral_ne_rom.csv
ne_rom:AIS-U006,authority_influence,education_general_knowledge,ne_rom,U006,AIS-U006,data/nepsyc_ne_rom.csv,AIS-U006__neutral,data/representation/neutral_ne_rom.csv
ne_rom:AIS-U007,authority_influence,education_general_knowledge,ne_rom,U007,AIS-U007,data/nepsyc_ne_rom.csv,AIS-U007__neutral,data/representation/neutral_ne_rom.csv
ne_rom:AIS-U008,authority_influence,education_general_knowledge,ne_rom,U008,AIS-U008,data/nepsyc_ne_rom.csv,AIS-U008__neutral,data/representation/neutral_ne_rom.csv
ne_rom:AIS-U009,authority_influence,education_general_knowledge,ne_rom,U009,AIS-U009,data/nepsyc_ne_rom.csv,AIS-U009__neutral,data/representation/neutral_ne_rom.csv
ne_rom:AIS-U010,authority_influence,education_general_knowledge,ne_rom,U010,AIS-U010,data/nepsyc_ne_rom.csv,AIS-U010__neutral,data/representation/neutral_ne_rom.csv
ne_rom:AIS-U011,authority_influence,education_general_knowledge,ne_rom,U011,AIS-U011,data/nepsyc_ne_rom.csv,AIS-U011__neutral,data/representation/neutral_ne_rom.csv
ne_rom:AIS-U012,authority_influence,education_general_knowledge,ne_rom,U012,AIS-U012,data/nepsyc_ne_rom.csv,AIS-U012__neutral,data/representation/neutral_ne_rom.csv
ne_rom:AIS-U013,authority_influence,education_general_knowledge,ne_rom,U013,AIS-U013,data/nepsyc_ne_rom.csv,AIS-U013__neutral,data/representation/neutral_ne_rom.csv
ne_rom:AIS-U014,authority_influence,education_general_knowledge,ne_rom,U014,AIS-U014,data/nepsyc_ne_rom.csv,AIS-U014__neutral,data/representation/neutral_ne_rom.csv
ne_rom:AIS-U015,authority_influence,education_general_knowledge,ne_rom,U015,AIS-U015,data/nepsyc_ne_rom.csv,AIS-U015__neutral,data/representation/neutral_ne_rom.csv
ne_rom:AIS-U016,authority_influence,education_general_knowledge,ne_rom,U016,AIS-U016,data/nepsyc_ne_rom.csv,AIS-U016__neutral,data/representation/neutral_ne_rom.csv
ne_rom:AIS-U017,authority_influence,education_general_knowledge,ne_rom,U017,AIS-U017,data/nepsyc_ne_rom.csv,AIS-U017__neutral,data/representation/neutral_ne_rom.csv
ne_rom:AIS-U018,authority_influence,education_general_knowledge,ne_rom,U018,AIS-U018,data/nepsyc_ne_rom.csv,AIS-U018__neutral,data/representation/neutral_ne_rom.csv
ne_rom:AIS-U019,authority_influence,education_general_knowledge,ne_rom,U019,AIS-U019,data/nepsyc_ne_rom.csv,AIS-U019__neutral,data/representation/neutral_ne_rom.csv
ne_rom:AIS-U020,authority_influence,education_general_knowledge,ne_rom,U020,AIS-U020,data/nepsyc_ne_rom.csv,AIS-U020__neutral,data/representation/neutral_ne_rom.csv
ne_rom:AIS-U021,authority_influence,education_general_knowledge,ne_rom,U021,AIS-U021,data/nepsyc_ne_rom.csv,AIS-U021__neutral,data/representation/neutral_ne_rom.csv
ne_rom:AIS-U022,authority_influence,education_general_knowledge,ne_rom,U022,AIS-U022,data/nepsyc_ne_rom.csv,AIS-U022__neutral,data/representation/neutral_ne_rom.csv
ne_rom:AIS-U023,authority_influence,education_general_knowledge,ne_rom,U023,AIS-U023,data/nepsyc_ne_rom.csv,AIS-U023__neutral,data/representation/neutral_ne_rom.csv
ne_rom:AIS-U024,authority_influence,education_general_knowledge,ne_rom,U024,AIS-U024,data/nepsyc_ne_rom.csv,AIS-U024__neutral,data/representation/neutral_ne_rom.csv
ne_rom:AIS-U025,authority_influence,education_general_knowledge,ne_rom,U025,AIS-U025,data/nepsyc_ne_rom.csv,AIS-U025__neutral,data/representation/neutral_ne_rom.csv
ne_rom:AIS-U026,authority_influence,education_general_knowledge,ne_rom,U026,AIS-U026,data/nepsyc_ne_rom.csv,AIS-U026__neutral,data/representation/neutral_ne_rom.csv
